{
  "type": "FeatureCollection",
  "name": "netherlands_railway_stations",
  "source": "Rijden de Treinen open data (extracted from NS API), stations-2023-09-nl.csv",
  "features": [
    {
      "type": "Feature",
      "geometry": {
        "type": "Point",
        "coordinates": [
          5.29362,
          51.69048
        ]
      },
      "properties": {
        "id": "266",
        "code": "HT",
        "uic": "8400319",
        "name_short": "Den Bosch",
        "name_medium": "'s-Hertogenbosch",
        "name_long": "'s-Hertogenbosch",
        "slug": "s-hertogenbosch",
        "country": "NL",
        "type": "knooppuntIntercitystation",
        "name": "'s-Hertogenbosch",
        "latitude": 51.69048,
        "longitude": 5.29362
      }
    },
    {
      "type": "Feature",
      "geometry": {
        "type": "Point",
        "coordinates": [
          5.3183331489563,
          51.700553894043
        ]
      },
      "properties": {
        "id": "269",
        "code": "HTO",
        "uic": "8400320",
        "name_short": "Dn Bosch O",
        "name_medium": "'s-Hertogenb. O.",
        "name_long": "'s-Hertogenbosch Oost",
        "slug": "s-hertogenbosch-oost",
        "country": "NL",
        "type": "stoptreinstation",
        "name": "'s-Hertogenbosch Oost",
        "latitude": 51.700553894043,
        "longitude": 5.3183331489563
      }
    },
    {
      "type": "Feature",
      "geometry": {
        "type": "Point",
        "coordinates": [
          5.893611,
          52.4091682
        ]
      },
      "properties": {
        "id": "227",
        "code": "HDE",
        "uic": "8400388",
        "name_short": "'t Harde",
        "name_medium": "'t Harde",
        "name_long": "'t Harde",
        "slug": "t-harde",
        "country": "NL",
        "type": "stoptreinstation",
        "name": "'t Harde",
        "latitude": 52.4091682,
        "longitude": 5.893611
      }
    },
    {
      "type": "Feature",
      "geometry": {
        "type": "Point",
        "coordinates": [
          6.5786272287369,
          51.921326524551
        ]
      },
      "properties": {
        "id": "51",
        "code": "ATN",
        "uic": "8400045",
        "name_short": "Aalten",
        "name_medium": "Aalten",
        "name_long": "Aalten",
        "slug": "aalten",
        "country": "NL",
        "type": "stoptreinstation",
        "name": "Aalten",
        "latitude": 51.921326524551,
        "longitude": 6.5786272287369
      }
    },
    {
      "type": "Feature",
      "geometry": {
        "type": "Point",
        "coordinates": [
          4.977,
          52.2785
        ]
      },
      "properties": {
        "id": "5",
        "code": "AC",
        "uic": "8400047",
        "name_short": "Abcoude",
        "name_medium": "Abcoude",
        "name_long": "Abcoude",
        "slug": "abcoude",
        "country": "NL",
        "type": "stoptreinstation",
        "name": "Abcoude",
        "latitude": 52.2785,
        "longitude": 4.977
      }
    },
    {
      "type": "Feature",
      "geometry": {
        "type": "Point",
        "coordinates": [
          5.843611240387,
          53.046390533447
        ]
      },
      "properties": {
        "id": "14",
        "code": "AKM",
        "uic": "8400049",
        "name_short": "Akkrum",
        "name_medium": "Akkrum",
        "name_long": "Akkrum",
        "slug": "akkrum",
        "country": "NL",
        "type": "stoptreinstation",
        "name": "Akkrum",
        "latitude": 53.046390533447,
        "longitude": 5.843611240387
      }
    },
    {
      "type": "Feature",
      "geometry": {
        "type": "Point",
        "coordinates": [
          4.7397222518921,
          52.63777923584
        ]
      },
      "properties": {
        "id": "26",
        "code": "AMR",
        "uic": "8400050",
        "name_short": "Alkmaar",
        "name_medium": "Alkmaar",
        "name_long": "Alkmaar",
        "slug": "alkmaar",
        "country": "NL",
        "type": "knooppuntIntercitystation",
        "name": "Alkmaar",
        "latitude": 52.63777923584,
        "longitude": 4.7397222518921
      }
    },
    {
      "type": "Feature",
      "geometry": {
        "type": "Point",
        "coordinates": [
          4.7641668319702,
          52.643890380859
        ]
      },
      "properties": {
        "id": "28",
        "code": "AMRN",
        "uic": "8400052",
        "name_short": "Alkmaar N",
        "name_medium": "Alkmaar Noord",
        "name_long": "Alkmaar Noord",
        "slug": "alkmaar-noord",
        "country": "NL",
        "type": "stoptreinstation",
        "name": "Alkmaar Noord",
        "latitude": 52.643890380859,
        "longitude": 4.7641668319702
      }
    },
    {
      "type": "Feature",
      "geometry": {
        "type": "Point",
        "coordinates": [
          6.6538887023926,
          52.358055114746
        ]
      },
      "properties": {
        "id": "25",
        "code": "AML",
        "uic": "8400051",
        "name_short": "Almelo",
        "name_medium": "Almelo",
        "name_long": "Almelo",
        "slug": "almelo",
        "country": "NL",
        "type": "knooppuntIntercitystation",
        "name": "Almelo",
        "latitude": 52.358055114746,
        "longitude": 6.6538887023926
      }
    },
    {
      "type": "Feature",
      "geometry": {
        "type": "Point",
        "coordinates": [
          6.6666665077209,
          52.341945648193
        ]
      },
      "properties": {
        "id": "27",
        "code": "AMRI",
        "uic": "8400520",
        "name_short": "de Riet",
        "name_medium": "de Riet",
        "name_long": "Almelo de Riet",
        "slug": "almelo-de-riet",
        "country": "NL",
        "type": "stoptreinstation",
        "name": "Almelo de Riet",
        "latitude": 52.341945648193,
        "longitude": 6.6666665077209
      }
    },
    {
      "type": "Feature",
      "geometry": {
        "type": "Point",
        "coordinates": [
          5.2780556678772,
          52.394165039062
        ]
      },
      "properties": {
        "id": "18",
        "code": "ALMB",
        "uic": "8400081",
        "name_short": "Buiten",
        "name_medium": "Buiten",
        "name_long": "Almere Buiten",
        "slug": "almere-buiten",
        "country": "NL",
        "type": "stoptreinstation",
        "name": "Almere Buiten",
        "latitude": 52.394165039062,
        "longitude": 5.2780556678772
      }
    },
    {
      "type": "Feature",
      "geometry": {
        "type": "Point",
        "coordinates": [
          5.21764,
          52.37503
        ]
      },
      "properties": {
        "id": "17",
        "code": "ALM",
        "uic": "8400080",
        "name_short": "Almere C",
        "name_medium": "Almere C.",
        "name_long": "Almere Centrum",
        "slug": "almere-centrum",
        "country": "NL",
        "type": "knooppuntIntercitystation",
        "name": "Almere Centrum",
        "latitude": 52.37503,
        "longitude": 5.21764
      }
    },
    {
      "type": "Feature",
      "geometry": {
        "type": "Point",
        "coordinates": [
          5.1902775764465,
          52.367500305176
        ]
      },
      "properties": {
        "id": "19",
        "code": "ALMM",
        "uic": "8400082",
        "name_short": "Muziekwijk",
        "name_medium": "Muziekwijk",
        "name_long": "Almere Muziekwijk",
        "slug": "almere-muziekwijk",
        "country": "NL",
        "type": "stoptreinstation",
        "name": "Almere Muziekwijk",
        "latitude": 52.367500305176,
        "longitude": 5.1902775764465
      }
    },
    {
      "type": "Feature",
      "geometry": {
        "type": "Point",
        "coordinates": [
          5.3005557060242,
          52.403331756592
        ]
      },
      "properties": {
        "id": "20",
        "code": "ALMO",
        "uic": "8400226",
        "name_short": "Oostvaard",
        "name_medium": "Oostvaarders",
        "name_long": "Almere Oostvaarders",
        "slug": "almere-oostvaarders",
        "country": "NL",
        "type": "stoptreinstation",
        "name": "Almere Oostvaarders",
        "latitude": 52.403331756592,
        "longitude": 5.3005557060242
      }
    },
    {
      "type": "Feature",
      "geometry": {
        "type": "Point",
        "coordinates": [
          5.244722366333,
          52.376667022705
        ]
      },
      "properties": {
        "id": "21",
        "code": "ALMP",
        "uic": "8400104",
        "name_short": "Parkwijk",
        "name_medium": "Parkwijk",
        "name_long": "Almere Parkwijk",
        "slug": "almere-parkwijk",
        "country": "NL",
        "type": "stoptreinstation",
        "name": "Almere Parkwijk",
        "latitude": 52.376667022705,
        "longitude": 5.244722366333
      }
    },
    {
      "type": "Feature",
      "geometry": {
        "type": "Point",
        "coordinates": [
          5.151944,
          52.342778
        ]
      },
      "properties": {
        "id": "680",
        "code": "AMPO",
        "uic": "8400450",
        "name_short": "Poort",
        "name_medium": "Poort",
        "name_long": "Almere Poort",
        "slug": "almere-poort",
        "country": "NL",
        "type": "stoptreinstation",
        "name": "Almere Poort",
        "latitude": 52.342778,
        "longitude": 5.151944
      }
    },
    {
      "type": "Feature",
      "geometry": {
        "type": "Point",
        "coordinates": [
          4.6577777862549,
          52.124443054199
        ]
      },
      "properties": {
        "id": "36",
        "code": "APN",
        "uic": "8400053",
        "name_short": "Alphen",
        "name_medium": "Alphen a/d Rijn",
        "name_long": "Alphen a/d Rijn",
        "slug": "alphen-a-d-rijn",
        "country": "NL",
        "type": "knooppuntIntercitystation",
        "name": "Alphen a/d Rijn",
        "latitude": 52.124443054199,
        "longitude": 4.6577777862549
      }
    },
    {
      "type": "Feature",
      "geometry": {
        "type": "Point",
        "coordinates": [
          5.3705554008484,
          52.153888702393
        ]
      },
      "properties": {
        "id": "23",
        "code": "AMF",
        "uic": "8400055",
        "name_short": "Amersfrt C",
        "name_medium": "Amersfoort C.",
        "name_long": "Amersfoort Centraal",
        "slug": "amersfoort-centraal",
        "country": "NL",
        "type": "knooppuntIntercitystation",
        "name": "Amersfoort Centraal",
        "latitude": 52.153888702393,
        "longitude": 5.3705554008484
      }
    },
    {
      "type": "Feature",
      "geometry": {
        "type": "Point",
        "coordinates": [
          5.4038887023926,
          52.174822137451
        ]
      },
      "properties": {
        "id": "24",
        "code": "AMFS",
        "uic": "8400054",
        "name_short": "Schothorst",
        "name_medium": "Schothorst",
        "name_long": "Amersfoort Schothorst",
        "slug": "amersfoort-schothorst",
        "country": "NL",
        "type": "stoptreinstation",
        "name": "Amersfoort Schothorst",
        "latitude": 52.174822137451,
        "longitude": 5.4038887023926
      }
    },
    {
      "type": "Feature",
      "geometry": {
        "type": "Point",
        "coordinates": [
          5.4338889122009,
          52.192779541016
        ]
      },
      "properties": {
        "id": "54",
        "code": "AVAT",
        "uic": "8400228",
        "name_short": "Vathorst",
        "name_medium": "Vathorst",
        "name_long": "Amersfoort Vathorst",
        "slug": "amersfoort-vathorst",
        "country": "NL",
        "type": "stoptreinstation",
        "name": "Amersfoort Vathorst",
        "latitude": 52.192779541016,
        "longitude": 5.4338889122009
      }
    },
    {
      "type": "Feature",
      "geometry": {
        "type": "Point",
        "coordinates": [
          4.9177780151367,
          52.346668243408
        ]
      },
      "properties": {
        "id": "40",
        "code": "ASA",
        "uic": "8400057",
        "name_short": "Amstel",
        "name_medium": "Amstel",
        "name_long": "Amsterdam Amstel",
        "slug": "amsterdam-amstel",
        "country": "NL",
        "type": "intercitystation",
        "name": "Amsterdam Amstel",
        "latitude": 52.346668243408,
        "longitude": 4.9177780151367
      }
    },
    {
      "type": "Feature",
      "geometry": {
        "type": "Point",
        "coordinates": [
          4.9469442367554,
          52.3122215271
        ]
      },
      "properties": {
        "id": "41",
        "code": "ASB",
        "uic": "8400074",
        "name_short": "Bijlmer A",
        "name_medium": "Bijlmer ArenA",
        "name_long": "Amsterdam Bijlmer ArenA",
        "slug": "amsterdam-bijlmer-arena",
        "country": "NL",
        "type": "knooppuntStoptreinstation",
        "name": "Amsterdam Bijlmer ArenA",
        "latitude": 52.3122215271,
        "longitude": 4.9469442367554
      }
    },
    {
      "type": "Feature",
      "geometry": {
        "type": "Point",
        "coordinates": [
          4.9002776145935,
          52.378887176514
        ]
      },
      "properties": {
        "id": "43",
        "code": "ASD",
        "uic": "8400058",
        "name_short": "Amsterdm C",
        "name_medium": "Amsterdam C.",
        "name_long": "Amsterdam Centraal",
        "slug": "amsterdam-centraal",
        "country": "NL",
        "type": "megastation",
        "name": "Amsterdam Centraal",
        "latitude": 52.378887176514,
        "longitude": 4.9002776145935
      }
    },
    {
      "type": "Feature",
      "geometry": {
        "type": "Point",
        "coordinates": [
          4.95972,
          52.29844
        ]
      },
      "properties": {
        "id": "47",
        "code": "ASHD",
        "uic": "8400231",
        "name_short": "Holendrcht",
        "name_medium": "Holendrecht",
        "name_long": "Amsterdam Holendrecht",
        "slug": "amsterdam-holendrecht",
        "country": "NL",
        "type": "stoptreinstation",
        "name": "Amsterdam Holendrecht",
        "latitude": 52.29844,
        "longitude": 4.95972
      }
    },
    {
      "type": "Feature",
      "geometry": {
        "type": "Point",
        "coordinates": [
          4.8338890075684,
          52.357776641846
        ]
      },
      "properties": {
        "id": "44",
        "code": "ASDL",
        "uic": "8400079",
        "name_short": "Lelylaan",
        "name_medium": "Lelylaan",
        "name_long": "Amsterdam Lelylaan",
        "slug": "amsterdam-lelylaan",
        "country": "NL",
        "type": "stoptreinstation",
        "name": "Amsterdam Lelylaan",
        "latitude": 52.357776641846,
        "longitude": 4.8338890075684
      }
    },
    {
      "type": "Feature",
      "geometry": {
        "type": "Point",
        "coordinates": [
          4.9311113357544,
          52.360553741455
        ]
      },
      "properties": {
        "id": "45",
        "code": "ASDM",
        "uic": "8400060",
        "name_short": "Muiderprt",
        "name_medium": "Muiderpoort",
        "name_long": "Amsterdam Muiderpoort",
        "slug": "amsterdam-muiderpoort",
        "country": "NL",
        "type": "stoptreinstation",
        "name": "Amsterdam Muiderpoort",
        "latitude": 52.360553741455,
        "longitude": 4.9311113357544
      }
    },
    {
      "type": "Feature",
      "geometry": {
        "type": "Point",
        "coordinates": [
          4.8902778625488,
          52.337223052979
        ]
      },
      "properties": {
        "id": "393",
        "code": "RAI",
        "uic": "8400056",
        "name_short": "RAI",
        "name_medium": "RAI",
        "name_long": "Amsterdam RAI",
        "slug": "amsterdam-rai",
        "country": "NL",
        "type": "stoptreinstation",
        "name": "Amsterdam RAI",
        "latitude": 52.337223052979,
        "longitude": 4.8902778625488
      }
    },
    {
      "type": "Feature",
      "geometry": {
        "type": "Point",
        "coordinates": [
          4.94651,
          52.35526
        ]
      },
      "properties": {
        "id": "48",
        "code": "ASSP",
        "uic": "8400235",
        "name_short": "Scienceprk",
        "name_medium": "Science Park",
        "name_long": "Amsterdam Science Park",
        "slug": "amsterdam-science-park",
        "country": "NL",
        "type": "stoptreinstation",
        "name": "Amsterdam Science Park",
        "latitude": 52.35526,
        "longitude": 4.94651
      }
    },
    {
      "type": "Feature",
      "geometry": {
        "type": "Point",
        "coordinates": [
          4.8377776145935,
          52.388889312744
        ]
      },
      "properties": {
        "id": "50",
        "code": "ASS",
        "uic": "8400059",
        "name_short": "Sloterdijk",
        "name_medium": "Sloterdijk",
        "name_long": "Amsterdam Sloterdijk",
        "slug": "amsterdam-sloterdijk",
        "country": "NL",
        "type": "knooppuntIntercitystation",
        "name": "Amsterdam Sloterdijk",
        "latitude": 52.388889312744,
        "longitude": 4.8377776145935
      }
    },
    {
      "type": "Feature",
      "geometry": {
        "type": "Point",
        "coordinates": [
          4.872356,
          52.338889
        ]
      },
      "properties": {
        "id": "46",
        "code": "ASDZ",
        "uic": "8400061",
        "name_short": "Amsterdm Z",
        "name_medium": "Amsterdam Zuid",
        "name_long": "Amsterdam Zuid",
        "slug": "amsterdam-zuid",
        "country": "NL",
        "type": "intercitystation",
        "name": "Amsterdam Zuid",
        "latitude": 52.338889,
        "longitude": 4.872356
      }
    },
    {
      "type": "Feature",
      "geometry": {
        "type": "Point",
        "coordinates": [
          4.8111109733581,
          52.867221832275
        ]
      },
      "properties": {
        "id": "29",
        "code": "ANA",
        "uic": "8400065",
        "name_short": "Anna Paulo",
        "name_medium": "Anna Paulowna",
        "name_long": "Anna Paulowna",
        "slug": "anna-paulowna",
        "country": "NL",
        "type": "stoptreinstation",
        "name": "Anna Paulowna",
        "latitude": 52.867221832275,
        "longitude": 4.8111109733581
      }
    },
    {
      "type": "Feature",
      "geometry": {
        "type": "Point",
        "coordinates": [
          5.9702777862549,
          52.209167480469
        ]
      },
      "properties": {
        "id": "31",
        "code": "APD",
        "uic": "8400066",
        "name_short": "Apeldoorn",
        "name_medium": "Apeldoorn",
        "name_long": "Apeldoorn",
        "slug": "apeldoorn",
        "country": "NL",
        "type": "knooppuntIntercitystation",
        "name": "Apeldoorn",
        "latitude": 52.209167480469,
        "longitude": 5.9702777862549
      }
    },
    {
      "type": "Feature",
      "geometry": {
        "type": "Point",
        "coordinates": [
          6.0005555152893,
          52.205276489258
        ]
      },
      "properties": {
        "id": "32",
        "code": "APDM",
        "uic": "8400233",
        "name_short": "De Maten",
        "name_medium": "De Maten",
        "name_long": "Apeldoorn De Maten",
        "slug": "apeldoorn-de-maten",
        "country": "NL",
        "type": "stoptreinstation",
        "name": "Apeldoorn De Maten",
        "latitude": 52.205276489258,
        "longitude": 6.0005555152893
      }
    },
    {
      "type": "Feature",
      "geometry": {
        "type": "Point",
        "coordinates": [
          6.0044445991516,
          52.215278625488
        ]
      },
      "properties": {
        "id": "33",
        "code": "APDO",
        "uic": "8400229",
        "name_short": "Osseveld",
        "name_medium": "Osseveld",
        "name_long": "Apeldoorn Osseveld",
        "slug": "apeldoorn-osseveld",
        "country": "NL",
        "type": "stoptreinstation",
        "name": "Apeldoorn Osseveld",
        "latitude": 52.215278625488,
        "longitude": 6.0044445991516
      }
    },
    {
      "type": "Feature",
      "geometry": {
        "type": "Point",
        "coordinates": [
          6.8619577,
          53.3258135
        ]
      },
      "properties": {
        "id": "34",
        "code": "APG",
        "uic": "8400067",
        "name_short": "Appingedam",
        "name_medium": "Appingedam",
        "name_long": "Appingedam",
        "slug": "appingedam",
        "country": "NL",
        "type": "stoptreinstation",
        "name": "Appingedam",
        "latitude": 53.3258135,
        "longitude": 6.8619577
      }
    },
    {
      "type": "Feature",
      "geometry": {
        "type": "Point",
        "coordinates": [
          4.9927778244019,
          51.87194442749
        ]
      },
      "properties": {
        "id": "13",
        "code": "AKL",
        "uic": "8400068",
        "name_short": "Arkel",
        "name_medium": "Arkel",
        "name_long": "Arkel",
        "slug": "arkel",
        "country": "NL",
        "type": "stoptreinstation",
        "name": "Arkel",
        "latitude": 51.87194442749,
        "longitude": 4.9927778244019
      }
    },
    {
      "type": "Feature",
      "geometry": {
        "type": "Point",
        "coordinates": [
          3.6691665649414,
          51.501667022705
        ]
      },
      "properties": {
        "id": "37",
        "code": "ARN",
        "uic": "8400069",
        "name_short": "Arnemuiden",
        "name_medium": "Arnemuiden",
        "name_long": "Arnemuiden",
        "slug": "arnemuiden",
        "country": "NL",
        "type": "stoptreinstation",
        "name": "Arnemuiden",
        "latitude": 51.501667022705,
        "longitude": 3.6691665649414
      }
    },
    {
      "type": "Feature",
      "geometry": {
        "type": "Point",
        "coordinates": [
          5.8991665840149,
          51.985000610352
        ]
      },
      "properties": {
        "id": "6",
        "code": "AH",
        "uic": "8400071",
        "name_short": "Arnhem C",
        "name_medium": "Arnhem C.",
        "name_long": "Arnhem Centraal",
        "slug": "arnhem-centraal",
        "country": "NL",
        "type": "knooppuntIntercitystation",
        "name": "Arnhem Centraal",
        "latitude": 51.985000610352,
        "longitude": 5.8991665840149
      }
    },
    {
      "type": "Feature",
      "geometry": {
        "type": "Point",
        "coordinates": [
          5.9438886642456,
          51.988056182861
        ]
      },
      "properties": {
        "id": "10",
        "code": "AHPR",
        "uic": "8400075",
        "name_short": "Presikhaaf",
        "name_medium": "Presikhaaf",
        "name_long": "Arnhem Presikhaaf",
        "slug": "arnhem-presikhaaf",
        "country": "NL",
        "type": "stoptreinstation",
        "name": "Arnhem Presikhaaf",
        "latitude": 51.988056182861,
        "longitude": 5.9438886642456
      }
    },
    {
      "type": "Feature",
      "geometry": {
        "type": "Point",
        "coordinates": [
          5.9194445610046,
          51.985279083252
        ]
      },
      "properties": {
        "id": "9",
        "code": "AHP",
        "uic": "8400072",
        "name_short": "Velperprt",
        "name_medium": "Velperpoort",
        "name_long": "Arnhem Velperpoort",
        "slug": "arnhem-velperpoort",
        "country": "NL",
        "type": "stoptreinstation",
        "name": "Arnhem Velperpoort",
        "latitude": 51.985279083252,
        "longitude": 5.9194445610046
      }
    },
    {
      "type": "Feature",
      "geometry": {
        "type": "Point",
        "coordinates": [
          5.8519444465637,
          51.955001831055
        ]
      },
      "properties": {
        "id": "11",
        "code": "AHZ",
        "uic": "8400227",
        "name_short": "Arnhem Z",
        "name_medium": "Arnhem Zuid",
        "name_long": "Arnhem Zuid",
        "slug": "arnhem-zuid",
        "country": "NL",
        "type": "stoptreinstation",
        "name": "Arnhem Zuid",
        "latitude": 51.955001831055,
        "longitude": 5.8519444465637
      }
    },
    {
      "type": "Feature",
      "geometry": {
        "type": "Point",
        "coordinates": [
          6.5708332061768,
          52.991664886475
        ]
      },
      "properties": {
        "id": "49",
        "code": "ASN",
        "uic": "8400073",
        "name_short": "Assen",
        "name_medium": "Assen",
        "name_long": "Assen",
        "slug": "assen",
        "country": "NL",
        "type": "knooppuntIntercitystation",
        "name": "Assen",
        "latitude": 52.991664886475,
        "longitude": 6.5708332061768
      }
    },
    {
      "type": "Feature",
      "geometry": {
        "type": "Point",
        "coordinates": [
          5.2808332443237,
          52.208332061768
        ]
      },
      "properties": {
        "id": "102",
        "code": "BRN",
        "uic": "8400086",
        "name_short": "Baarn",
        "name_medium": "Baarn",
        "name_long": "Baarn",
        "slug": "baarn",
        "country": "NL",
        "type": "knooppuntStoptreinstation",
        "name": "Baarn",
        "latitude": 52.208332061768,
        "longitude": 5.2808332443237
      }
    },
    {
      "type": "Feature",
      "geometry": {
        "type": "Point",
        "coordinates": [
          7.19937,
          53.1844
        ]
      },
      "properties": {
        "id": "361",
        "code": "NSCH",
        "uic": "8400457",
        "name_short": "Nweschans",
        "name_medium": "Bad Nieuweschans",
        "name_long": "Bad Nieuweschans",
        "slug": "bad-nieuweschans",
        "country": "NL",
        "type": "knooppuntStoptreinstation",
        "name": "Bad Nieuweschans",
        "latitude": 53.1844,
        "longitude": 7.19937
      }
    },
    {
      "type": "Feature",
      "geometry": {
        "type": "Point",
        "coordinates": [
          6.5185581,
          53.3608969
        ]
      },
      "properties": {
        "id": "74",
        "code": "BF",
        "uic": "8400089",
        "name_short": "Baflo",
        "name_medium": "Baflo",
        "name_long": "Baflo",
        "slug": "baflo",
        "country": "NL",
        "type": "stoptreinstation",
        "name": "Baflo",
        "latitude": 53.3608969,
        "longitude": 6.5185581
      }
    },
    {
      "type": "Feature",
      "geometry": {
        "type": "Point",
        "coordinates": [
          4.5533332824707,
          51.854721069336
        ]
      },
      "properties": {
        "id": "98",
        "code": "BRD",
        "uic": "8400090",
        "name_short": "Barendrcht",
        "name_medium": "Barendrecht",
        "name_long": "Barendrecht",
        "slug": "barendrecht",
        "country": "NL",
        "type": "stoptreinstation",
        "name": "Barendrecht",
        "latitude": 51.854721069336,
        "longitude": 4.5533332824707
      }
    },
    {
      "type": "Feature",
      "geometry": {
        "type": "Point",
        "coordinates": [
          5.590277671814,
          52.139999389648
        ]
      },
      "properties": {
        "id": "87",
        "code": "BNC",
        "uic": "8400091",
        "name_short": "Barnevld C",
        "name_medium": "Barneveld C.",
        "name_long": "Barneveld Centrum",
        "slug": "barneveld-centrum",
        "country": "NL",
        "type": "stoptreinstation",
        "name": "Barneveld Centrum",
        "latitude": 52.139999389648,
        "longitude": 5.590277671814
      }
    },
    {
      "type": "Feature",
      "geometry": {
        "type": "Point",
        "coordinates": [
          5.5980553627014,
          52.161388397217
        ]
      },
      "properties": {
        "id": "89",
        "code": "BNN",
        "uic": "8400092",
        "name_short": "Barnevld N",
        "name_medium": "Barneveld Noord",
        "name_long": "Barneveld Noord",
        "slug": "barneveld-noord",
        "country": "NL",
        "type": "stoptreinstation",
        "name": "Barneveld Noord",
        "latitude": 52.161388397217,
        "longitude": 5.5980553627014
      }
    },
    {
      "type": "Feature",
      "geometry": {
        "type": "Point",
        "coordinates": [
          5.60246,
          52.128853
        ]
      },
      "properties": {
        "id": "764",
        "code": "BNZ",
        "uic": "8400115",
        "name_short": "Barnevld Z",
        "name_medium": "Barneveld Zuid",
        "name_long": "Barneveld Zuid",
        "slug": "barneveld-zuid",
        "country": "NL",
        "type": "stoptreinstation",
        "name": "Barneveld Zuid",
        "latitude": 52.128853,
        "longitude": 5.60246
      }
    },
    {
      "type": "Feature",
      "geometry": {
        "type": "Point",
        "coordinates": [
          6.593054,
          53.3068857
        ]
      },
      "properties": {
        "id": "64",
        "code": "BDM",
        "uic": "8400094",
        "name_short": "Bedum",
        "name_medium": "Bedum",
        "name_long": "Bedum",
        "slug": "bedum",
        "country": "NL",
        "type": "stoptreinstation",
        "name": "Bedum",
        "latitude": 53.3068857,
        "longitude": 6.593054
      }
    },
    {
      "type": "Feature",
      "geometry": {
        "type": "Point",
        "coordinates": [
          5.7866668701172,
          50.947498321533
        ]
      },
      "properties": {
        "id": "78",
        "code": "BK",
        "uic": "8400096",
        "name_short": "Beek-E",
        "name_medium": "Beek-Elsloo",
        "name_long": "Beek-Elsloo",
        "slug": "beek-elsloo",
        "country": "NL",
        "type": "stoptreinstation",
        "name": "Beek-Elsloo",
        "latitude": 50.947498321533,
        "longitude": 5.7866668701172
      }
    },
    {
      "type": "Feature",
      "geometry": {
        "type": "Point",
        "coordinates": [
          5.1944446563721,
          51.899444580078
        ]
      },
      "properties": {
        "id": "106",
        "code": "BSD",
        "uic": "8400097",
        "name_short": "Beesd",
        "name_medium": "Beesd",
        "name_long": "Beesd",
        "slug": "beesd",
        "country": "NL",
        "type": "stoptreinstation",
        "name": "Beesd",
        "latitude": 51.899444580078,
        "longitude": 5.1944446563721
      }
    },
    {
      "type": "Feature",
      "geometry": {
        "type": "Point",
        "coordinates": [
          6.5211110115051,
          52.854721069336
        ]
      },
      "properties": {
        "id": "82",
        "code": "BL",
        "uic": "8400100",
        "name_short": "Beilen",
        "name_medium": "Beilen",
        "name_long": "Beilen",
        "slug": "beilen",
        "country": "NL",
        "type": "stoptreinstation",
        "name": "Beilen",
        "latitude": 52.854721069336,
        "longitude": 6.5211110115051
      }
    },
    {
      "type": "Feature",
      "geometry": {
        "type": "Point",
        "coordinates": [
          4.2961111068726,
          51.49388885498
        ]
      },
      "properties": {
        "id": "75",
        "code": "BGN",
        "uic": "8400108",
        "name_short": "Bergen opZ",
        "name_medium": "Bergen op Zoom",
        "name_long": "Bergen op Zoom",
        "slug": "bergen-op-zoom",
        "country": "NL",
        "type": "stoptreinstation",
        "name": "Bergen op Zoom",
        "latitude": 51.49388885498,
        "longitude": 4.2961111068726
      }
    },
    {
      "type": "Feature",
      "geometry": {
        "type": "Point",
        "coordinates": [
          5.3891668319702,
          51.509998321533
        ]
      },
      "properties": {
        "id": "73",
        "code": "BET",
        "uic": "8400112",
        "name_short": "Best",
        "name_medium": "Best",
        "name_long": "Best",
        "slug": "best",
        "country": "NL",
        "type": "stoptreinstation",
        "name": "Best",
        "latitude": 51.509998321533,
        "longitude": 5.3891668319702
      }
    },
    {
      "type": "Feature",
      "geometry": {
        "type": "Point",
        "coordinates": [
          4.6566667556763,
          52.478332519531
        ]
      },
      "properties": {
        "id": "111",
        "code": "BV",
        "uic": "8400113",
        "name_short": "Beverwijk",
        "name_medium": "Beverwijk",
        "name_long": "Beverwijk",
        "slug": "beverwijk",
        "country": "NL",
        "type": "stoptreinstation",
        "name": "Beverwijk",
        "latitude": 52.478332519531,
        "longitude": 4.6566667556763
      }
    },
    {
      "type": "Feature",
      "geometry": {
        "type": "Point",
        "coordinates": [
          5.2038888931274,
          52.130001068115
        ]
      },
      "properties": {
        "id": "77",
        "code": "BHV",
        "uic": "8400114",
        "name_short": "Bilthoven",
        "name_medium": "Bilthoven",
        "name_long": "Bilthoven",
        "slug": "bilthoven",
        "country": "NL",
        "type": "stoptreinstation",
        "name": "Bilthoven",
        "latitude": 52.130001068115,
        "longitude": 5.2038888931274
      }
    },
    {
      "type": "Feature",
      "geometry": {
        "type": "Point",
        "coordinates": [
          6.1550002098083,
          51.372501373291
        ]
      },
      "properties": {
        "id": "97",
        "code": "BR",
        "uic": "8400117",
        "name_short": "Blerick",
        "name_medium": "Blerick",
        "name_long": "Blerick",
        "slug": "blerick",
        "country": "NL",
        "type": "stoptreinstation",
        "name": "Blerick",
        "latitude": 51.372501373291,
        "longitude": 6.1550002098083
      }
    },
    {
      "type": "Feature",
      "geometry": {
        "type": "Point",
        "coordinates": [
          4.6275000572205,
          52.404167175293
        ]
      },
      "properties": {
        "id": "83",
        "code": "BLL",
        "uic": "8400118",
        "name_short": "Bloemendl",
        "name_medium": "Bloemendaal",
        "name_long": "Bloemendaal",
        "slug": "bloemendaal",
        "country": "NL",
        "type": "stoptreinstation",
        "name": "Bloemendaal",
        "latitude": 52.404167175293,
        "longitude": 4.6275000572205
      }
    },
    {
      "type": "Feature",
      "geometry": {
        "type": "Point",
        "coordinates": [
          4.7461109161377,
          52.081390380859
        ]
      },
      "properties": {
        "id": "63",
        "code": "BDG",
        "uic": "8400121",
        "name_short": "Bodegraven",
        "name_medium": "Bodegraven",
        "name_long": "Bodegraven",
        "slug": "bodegraven",
        "country": "NL",
        "type": "stoptreinstation",
        "name": "Bodegraven",
        "latitude": 52.081390380859,
        "longitude": 4.7461109161377
      }
    },
    {
      "type": "Feature",
      "geometry": {
        "type": "Point",
        "coordinates": [
          6.7480554580689,
          52.298889160156
        ]
      },
      "properties": {
        "id": "86",
        "code": "BN",
        "uic": "8400124",
        "name_short": "Borne",
        "name_medium": "Borne",
        "name_long": "Borne",
        "slug": "borne",
        "country": "NL",
        "type": "stoptreinstation",
        "name": "Borne",
        "latitude": 52.298889160156,
        "longitude": 6.7480554580689
      }
    },
    {
      "type": "Feature",
      "geometry": {
        "type": "Point",
        "coordinates": [
          4.6469445228577,
          52.077777862549
        ]
      },
      "properties": {
        "id": "107",
        "code": "BSK",
        "uic": "8400125",
        "name_short": "Boskoop",
        "name_medium": "Boskoop",
        "name_long": "Boskoop",
        "slug": "boskoop",
        "country": "NL",
        "type": "stoptreinstation",
        "name": "Boskoop",
        "latitude": 52.077777862549,
        "longitude": 4.6469445228577
      }
    },
    {
      "type": "Feature",
      "geometry": {
        "type": "Point",
        "coordinates": [
          4.646186,
          52.067658
        ]
      },
      "properties": {
        "id": "813",
        "code": "BSKS",
        "uic": "8400126",
        "name_short": "Snijdelwk",
        "name_medium": "Snijdelwijk",
        "name_long": "Boskoop Snijdelwijk",
        "slug": "boskoop-snijdelwijk",
        "country": "NL",
        "type": "stoptreinstation",
        "name": "Boskoop Snijdelwijk",
        "latitude": 52.067658,
        "longitude": 4.646186
      }
    },
    {
      "type": "Feature",
      "geometry": {
        "type": "Point",
        "coordinates": [
          4.878056,
          51.832222
        ]
      },
      "properties": {
        "id": "546",
        "code": "BHDV",
        "uic": "8400236",
        "name_short": "Boven-Har",
        "name_medium": "Boven-Hardinxv.",
        "name_long": "Boven-Hardinxveld",
        "slug": "boven-hardinxveld",
        "country": "NL",
        "type": "stoptreinstation",
        "name": "Boven-Hardinxveld",
        "latitude": 51.832222,
        "longitude": 4.878056
      }
    },
    {
      "type": "Feature",
      "geometry": {
        "type": "Point",
        "coordinates": [
          5.2527775764465,
          52.696109771729
        ]
      },
      "properties": {
        "id": "79",
        "code": "BKF",
        "uic": "8400230",
        "name_short": "Bovenk Flo",
        "name_medium": "Bovenkarspel Fl.",
        "name_long": "Bovenkarspel Flora",
        "slug": "bovenkarspel-flora",
        "country": "NL",
        "type": "stoptreinstation",
        "name": "Bovenkarspel Flora",
        "latitude": 52.696109771729,
        "longitude": 5.2527775764465
      }
    },
    {
      "type": "Feature",
      "geometry": {
        "type": "Point",
        "coordinates": [
          5.2377777099609,
          52.694999694824
        ]
      },
      "properties": {
        "id": "80",
        "code": "BKG",
        "uic": "8400127",
        "name_short": "Bovenk-Gr",
        "name_medium": "Bovenkarspel-Gr.",
        "name_long": "Bovenkarspel-Grootebroek",
        "slug": "bovenkarspel-grootebroek",
        "country": "NL",
        "type": "stoptreinstation",
        "name": "Bovenkarspel-Grootebroek",
        "latitude": 52.694999694824,
        "longitude": 5.2377777099609
      }
    },
    {
      "type": "Feature",
      "geometry": {
        "type": "Point",
        "coordinates": [
          5.9390330314636,
          51.644521767653
        ]
      },
      "properties": {
        "id": "85",
        "code": "BMR",
        "uic": "8400128",
        "name_short": "Boxmeer",
        "name_medium": "Boxmeer",
        "name_long": "Boxmeer",
        "slug": "boxmeer",
        "country": "NL",
        "type": "knooppuntStoptreinstation",
        "name": "Boxmeer",
        "latitude": 51.644521767653,
        "longitude": 5.9390330314636
      }
    },
    {
      "type": "Feature",
      "geometry": {
        "type": "Point",
        "coordinates": [
          5.31912,
          51.58433
        ]
      },
      "properties": {
        "id": "109",
        "code": "BTL",
        "uic": "8400129",
        "name_short": "Boxtel",
        "name_medium": "Boxtel",
        "name_long": "Boxtel",
        "slug": "boxtel",
        "country": "NL",
        "type": "knooppuntStoptreinstation",
        "name": "Boxtel",
        "latitude": 51.58433,
        "longitude": 5.31912
      }
    },
    {
      "type": "Feature",
      "geometry": {
        "type": "Point",
        "coordinates": [
          4.7800002098083,
          51.595554351807
        ]
      },
      "properties": {
        "id": "61",
        "code": "BD",
        "uic": "8400131",
        "name_short": "Breda",
        "name_medium": "Breda",
        "name_long": "Breda",
        "slug": "breda",
        "country": "NL",
        "type": "knooppuntIntercitystation",
        "name": "Breda",
        "latitude": 51.595554351807,
        "longitude": 4.7800002098083
      }
    },
    {
      "type": "Feature",
      "geometry": {
        "type": "Point",
        "coordinates": [
          4.7208333015442,
          51.606388092041
        ]
      },
      "properties": {
        "id": "65",
        "code": "BDPB",
        "uic": "8400132",
        "name_short": "Prinsenbk",
        "name_medium": "Prinsenbeek",
        "name_long": "Breda-Prinsenbeek",
        "slug": "breda-prinsenbeek",
        "country": "NL",
        "type": "stoptreinstation",
        "name": "Breda-Prinsenbeek",
        "latitude": 51.606388092041,
        "longitude": 4.7208333015442
      }
    },
    {
      "type": "Feature",
      "geometry": {
        "type": "Point",
        "coordinates": [
          4.9906,
          52.17149
        ]
      },
      "properties": {
        "id": "81",
        "code": "BKL",
        "uic": "8400133",
        "name_short": "Breukelen",
        "name_medium": "Breukelen",
        "name_long": "Breukelen",
        "slug": "breukelen",
        "country": "NL",
        "type": "knooppuntStoptreinstation",
        "name": "Breukelen",
        "latitude": 52.17149,
        "longitude": 4.9906
      }
    },
    {
      "type": "Feature",
      "geometry": {
        "type": "Point",
        "coordinates": [
          6.1469445228577,
          52.091110229492
        ]
      },
      "properties": {
        "id": "84",
        "code": "BMN",
        "uic": "8400136",
        "name_short": "Brummen",
        "name_medium": "Brummen",
        "name_long": "Brummen",
        "slug": "brummen",
        "country": "NL",
        "type": "stoptreinstation",
        "name": "Brummen",
        "latitude": 52.091110229492,
        "longitude": 6.1469445228577
      }
    },
    {
      "type": "Feature",
      "geometry": {
        "type": "Point",
        "coordinates": [
          6.1446496,
          53.2564547
        ]
      },
      "properties": {
        "id": "96",
        "code": "BP",
        "uic": "8400139",
        "name_short": "Buitenpost",
        "name_medium": "Buitenpost",
        "name_long": "Buitenpost",
        "slug": "buitenpost",
        "country": "NL",
        "type": "knooppuntSneltreinstation",
        "name": "Buitenpost",
        "latitude": 53.2564547,
        "longitude": 6.1446496
      }
    },
    {
      "type": "Feature",
      "geometry": {
        "type": "Point",
        "coordinates": [
          5.7366666793823,
          50.896945953369
        ]
      },
      "properties": {
        "id": "62",
        "code": "BDE",
        "uic": "8400140",
        "name_short": "Bunde",
        "name_medium": "Bunde",
        "name_long": "Bunde",
        "slug": "bunde",
        "country": "NL",
        "type": "stoptreinstation",
        "name": "Bunde",
        "latitude": 50.896945953369,
        "longitude": 5.7366666793823
      }
    },
    {
      "type": "Feature",
      "geometry": {
        "type": "Point",
        "coordinates": [
          5.1944446563721,
          52.063056945801
        ]
      },
      "properties": {
        "id": "88",
        "code": "BNK",
        "uic": "8400141",
        "name_short": "Bunnik",
        "name_medium": "Bunnik",
        "name_long": "Bunnik",
        "slug": "bunnik",
        "country": "NL",
        "type": "stoptreinstation",
        "name": "Bunnik",
        "latitude": 52.063056945801,
        "longitude": 5.1944446563721
      }
    },
    {
      "type": "Feature",
      "geometry": {
        "type": "Point",
        "coordinates": [
          5.1630554199219,
          52.26583480835
        ]
      },
      "properties": {
        "id": "108",
        "code": "BSMZ",
        "uic": "8400145",
        "name_short": "Bussum Z",
        "name_medium": "Bussum Zuid",
        "name_long": "Bussum Zuid",
        "slug": "bussum-zuid",
        "country": "NL",
        "type": "stoptreinstation",
        "name": "Bussum Zuid",
        "latitude": 52.26583480835,
        "longitude": 5.1630554199219
      }
    },
    {
      "type": "Feature",
      "geometry": {
        "type": "Point",
        "coordinates": [
          4.5841665267944,
          51.954166412354
        ]
      },
      "properties": {
        "id": "119",
        "code": "CPS",
        "uic": "8400147",
        "name_short": "Schollevr",
        "name_medium": "Schollevaar",
        "name_long": "Capelle Schollevaar",
        "slug": "capelle-schollevaar",
        "country": "NL",
        "type": "stoptreinstation",
        "name": "Capelle Schollevaar",
        "latitude": 51.954166412354,
        "longitude": 4.5841665267944
      }
    },
    {
      "type": "Feature",
      "geometry": {
        "type": "Point",
        "coordinates": [
          4.6586112976074,
          52.545833587646
        ]
      },
      "properties": {
        "id": "113",
        "code": "CAS",
        "uic": "8400151",
        "name_short": "Castricum",
        "name_medium": "Castricum",
        "name_long": "Castricum",
        "slug": "castricum",
        "country": "NL",
        "type": "intercitystation",
        "name": "Castricum",
        "latitude": 52.545833587646,
        "longitude": 4.6586112976074
      }
    },
    {
      "type": "Feature",
      "geometry": {
        "type": "Point",
        "coordinates": [
          6.0597224235535,
          50.876110076904
        ]
      },
      "properties": {
        "id": "120",
        "code": "CVM",
        "uic": "8400152",
        "name_short": "Chevremont",
        "name_medium": "Chevremont",
        "name_long": "Chevremont",
        "slug": "chevremont",
        "country": "NL",
        "type": "stoptreinstation",
        "name": "Chevremont",
        "latitude": 50.876110076904,
        "longitude": 6.0597224235535
      }
    },
    {
      "type": "Feature",
      "geometry": {
        "type": "Point",
        "coordinates": [
          6.7355556488037,
          52.663612365723
        ]
      },
      "properties": {
        "id": "117",
        "code": "CO",
        "uic": "8400153",
        "name_short": "Coevorden",
        "name_medium": "Coevorden",
        "name_long": "Coevorden",
        "slug": "coevorden",
        "country": "NL",
        "type": "knooppuntSneltreinstation",
        "name": "Coevorden",
        "latitude": 52.663612365723,
        "longitude": 6.7355556488037
      }
    },
    {
      "type": "Feature",
      "geometry": {
        "type": "Point",
        "coordinates": [
          5.8742952346802,
          51.726682587905
        ]
      },
      "properties": {
        "id": "115",
        "code": "CK",
        "uic": "8400155",
        "name_short": "Cuijk",
        "name_medium": "Cuijk",
        "name_long": "Cuijk",
        "slug": "cuijk",
        "country": "NL",
        "type": "stoptreinstation",
        "name": "Cuijk",
        "latitude": 51.726682587905,
        "longitude": 5.8742952346802
      }
    },
    {
      "type": "Feature",
      "geometry": {
        "type": "Point",
        "coordinates": [
          5.2269444465637,
          51.946666717529
        ]
      },
      "properties": {
        "id": "116",
        "code": "CL",
        "uic": "8400154",
        "name_short": "Culemborg",
        "name_medium": "Culemborg",
        "name_long": "Culemborg",
        "slug": "culemborg",
        "country": "NL",
        "type": "stoptreinstation",
        "name": "Culemborg",
        "latitude": 51.946666717529,
        "longitude": 5.2269444465637
      }
    },
    {
      "type": "Feature",
      "geometry": {
        "type": "Point",
        "coordinates": [
          6.5759947,
          52.4407702
        ]
      },
      "properties": {
        "id": "121",
        "code": "DA",
        "uic": "8400164",
        "name_short": "Daarlervn",
        "name_medium": "Daarlerveen",
        "name_long": "Daarlerveen",
        "slug": "daarlerveen",
        "country": "NL",
        "type": "stoptreinstation",
        "name": "Daarlerveen",
        "latitude": 52.4407702,
        "longitude": 6.5759947
      }
    },
    {
      "type": "Feature",
      "geometry": {
        "type": "Point",
        "coordinates": [
          6.7580556869507,
          52.69416809082
        ]
      },
      "properties": {
        "id": "134",
        "code": "DLN",
        "uic": "8400161",
        "name_short": "Dalen",
        "name_medium": "Dalen",
        "name_long": "Dalen",
        "slug": "dalen",
        "country": "NL",
        "type": "stoptreinstation",
        "name": "Dalen",
        "latitude": 52.69416809082,
        "longitude": 6.7580556869507
      }
    },
    {
      "type": "Feature",
      "geometry": {
        "type": "Point",
        "coordinates": [
          6.25861120224,
          52.498332977295
        ]
      },
      "properties": {
        "id": "129",
        "code": "DL",
        "uic": "8400167",
        "name_short": "Dalfsen",
        "name_medium": "Dalfsen",
        "name_long": "Dalfsen",
        "slug": "dalfsen",
        "country": "NL",
        "type": "sneltreinstation",
        "name": "Dalfsen",
        "latitude": 52.498332977295,
        "longitude": 6.25861120224
      }
    },
    {
      "type": "Feature",
      "geometry": {
        "type": "Point",
        "coordinates": [
          4.4563889503479,
          52.147220611572
        ]
      },
      "properties": {
        "id": "157",
        "code": "DVNK",
        "uic": "8400188",
        "name_short": "De Vink",
        "name_medium": "De Vink",
        "name_long": "De Vink",
        "slug": "de-vink",
        "country": "NL",
        "type": "stoptreinstation",
        "name": "De Vink",
        "latitude": 52.147220611572,
        "longitude": 4.4563889503479
      }
    },
    {
      "type": "Feature",
      "geometry": {
        "type": "Point",
        "coordinates": [
          6.03463,
          53.24817
        ]
      },
      "properties": {
        "id": "783",
        "code": "DWE",
        "uic": "8400745",
        "name_short": "Westereen",
        "name_medium": "De Westereen",
        "name_long": "De Westereen",
        "slug": "de-westereen",
        "country": "NL",
        "type": "stoptreinstation",
        "name": "De Westereen",
        "latitude": 53.24817,
        "longitude": 6.03463
      }
    },
    {
      "type": "Feature",
      "geometry": {
        "type": "Point",
        "coordinates": [
          5.7281572,
          53.1888115
        ]
      },
      "properties": {
        "id": "127",
        "code": "DEI",
        "uic": "8400168",
        "name_short": "Deinum",
        "name_medium": "Deinum",
        "name_long": "Deinum",
        "slug": "deinum",
        "country": "NL",
        "type": "stoptreinstation",
        "name": "Deinum",
        "latitude": 53.1888115,
        "longitude": 5.7281572
      }
    },
    {
      "type": "Feature",
      "geometry": {
        "type": "Point",
        "coordinates": [
          6.7161111831665,
          52.259998321533
        ]
      },
      "properties": {
        "id": "123",
        "code": "DDN",
        "uic": "8400169",
        "name_short": "Delden",
        "name_medium": "Delden",
        "name_long": "Delden",
        "slug": "delden",
        "country": "NL",
        "type": "stoptreinstation",
        "name": "Delden",
        "latitude": 52.259998321533,
        "longitude": 6.7161111831665
      }
    },
    {
      "type": "Feature",
      "geometry": {
        "type": "Point",
        "coordinates": [
          4.3563890457153,
          52.00666809082
        ]
      },
      "properties": {
        "id": "144",
        "code": "DT",
        "uic": "8400170",
        "name_short": "Delft",
        "name_medium": "Delft",
        "name_long": "Delft",
        "slug": "delft",
        "country": "NL",
        "type": "knooppuntIntercitystation",
        "name": "Delft",
        "latitude": 52.00666809082,
        "longitude": 4.3563890457153
      }
    },
    {
      "type": "Feature",
      "geometry": {
        "type": "Point",
        "coordinates": [
          4.3647222518921,
          51.990833282471
        ]
      },
      "properties": {
        "id": "147",
        "code": "DTCP",
        "uic": "8400166",
        "name_short": "Delft Camp",
        "name_medium": "Delft Campus",
        "name_long": "Delft Campus",
        "slug": "delft-campus",
        "country": "NL",
        "type": "stoptreinstation",
        "name": "Delft Campus",
        "latitude": 51.990833282471,
        "longitude": 4.3647222518921
      }
    },
    {
      "type": "Feature",
      "geometry": {
        "type": "Point",
        "coordinates": [
          6.9240797,
          53.3336625
        ]
      },
      "properties": {
        "id": "158",
        "code": "DZ",
        "uic": "8400171",
        "name_short": "Delfzijl",
        "name_medium": "Delfzijl",
        "name_long": "Delfzijl",
        "slug": "delfzijl",
        "country": "NL",
        "type": "stoptreinstation",
        "name": "Delfzijl",
        "latitude": 53.3336625,
        "longitude": 6.9240797
      }
    },
    {
      "type": "Feature",
      "geometry": {
        "type": "Point",
        "coordinates": [
          6.9069092,
          53.3320834
        ]
      },
      "properties": {
        "id": "159",
        "code": "DZW",
        "uic": "8400175",
        "name_short": "Delfzijl W",
        "name_medium": "Delfzijl West",
        "name_long": "Delfzijl West",
        "slug": "delfzijl-west",
        "country": "NL",
        "type": "stoptreinstation",
        "name": "Delfzijl West",
        "latitude": 53.3320834,
        "longitude": 6.9069092
      }
    },
    {
      "type": "Feature",
      "geometry": {
        "type": "Point",
        "coordinates": [
          5.2427778244019,
          52.140277862549
        ]
      },
      "properties": {
        "id": "132",
        "code": "DLD",
        "uic": "8400179",
        "name_short": "Den Dolder",
        "name_medium": "Den Dolder",
        "name_long": "Den Dolder",
        "slug": "den-dolder",
        "country": "NL",
        "type": "knooppuntStoptreinstation",
        "name": "Den Dolder",
        "latitude": 52.140277862549,
        "longitude": 5.2427778244019
      }
    },
    {
      "type": "Feature",
      "geometry": {
        "type": "Point",
        "coordinates": [
          4.3249998092651,
          52.080276489258
        ]
      },
      "properties": {
        "id": "214",
        "code": "GVC",
        "uic": "8400282",
        "name_short": "Den Haag C",
        "name_medium": "Den Haag C.",
        "name_long": "Den Haag Centraal",
        "slug": "den-haag-centraal",
        "country": "NL",
        "type": "megastation",
        "name": "Den Haag Centraal",
        "latitude": 52.080276489258,
        "longitude": 4.3249998092651
      }
    },
    {
      "type": "Feature",
      "geometry": {
        "type": "Point",
        "coordinates": [
          4.3225002288818,
          52.069721221924
        ]
      },
      "properties": {
        "id": "213",
        "code": "GV",
        "uic": "8400280",
        "name_short": "Dn Haag HS",
        "name_medium": "Den Haag HS",
        "name_long": "Den Haag HS",
        "slug": "den-haag-hs",
        "country": "NL",
        "type": "knooppuntIntercitystation",
        "name": "Den Haag HS",
        "latitude": 52.069721221924,
        "longitude": 4.3225002288818
      }
    },
    {
      "type": "Feature",
      "geometry": {
        "type": "Point",
        "coordinates": [
          4.3427777290344,
          52.078609466553
        ]
      },
      "properties": {
        "id": "302",
        "code": "LAA",
        "uic": "8400380",
        "name_short": "Laan v NOI",
        "name_medium": "Laan v NOI",
        "name_long": "Den Haag Laan v NOI",
        "slug": "den-haag-laan-v-noi",
        "country": "NL",
        "type": "knooppuntStoptreinstation",
        "name": "Den Haag Laan v NOI",
        "latitude": 52.078609466553,
        "longitude": 4.3427777290344
      }
    },
    {
      "type": "Feature",
      "geometry": {
        "type": "Point",
        "coordinates": [
          4.3694443702698,
          52.090557098389
        ]
      },
      "properties": {
        "id": "215",
        "code": "GVM",
        "uic": "8400278",
        "name_short": "Mariahoeve",
        "name_medium": "Mariahoeve",
        "name_long": "Den Haag Mariahoeve",
        "slug": "den-haag-mariahoeve",
        "country": "NL",
        "type": "stoptreinstation",
        "name": "Den Haag Mariahoeve",
        "latitude": 52.090557098389,
        "longitude": 4.3694443702698
      }
    },
    {
      "type": "Feature",
      "geometry": {
        "type": "Point",
        "coordinates": [
          4.3086109161377,
          52.053890228271
        ]
      },
      "properties": {
        "id": "216",
        "code": "GVMW",
        "uic": "8400279",
        "name_short": "Moerwijk",
        "name_medium": "Moerwijk",
        "name_long": "Den Haag Moerwijk",
        "slug": "den-haag-moerwijk",
        "country": "NL",
        "type": "stoptreinstation",
        "name": "Den Haag Moerwijk",
        "latitude": 52.053890228271,
        "longitude": 4.3086109161377
      }
    },
    {
      "type": "Feature",
      "geometry": {
        "type": "Point",
        "coordinates": [
          4.39222240448,
          52.055278778076
        ]
      },
      "properties": {
        "id": "525",
        "code": "YPB",
        "uic": "8400379",
        "name_short": "Ypenburg",
        "name_medium": "Ypenburg",
        "name_long": "Den Haag Ypenburg",
        "slug": "den-haag-ypenburg",
        "country": "NL",
        "type": "stoptreinstation",
        "name": "Den Haag Ypenburg",
        "latitude": 52.055278778076,
        "longitude": 4.39222240448
      }
    },
    {
      "type": "Feature",
      "geometry": {
        "type": "Point",
        "coordinates": [
          4.7611112594605,
          52.955276489258
        ]
      },
      "properties": {
        "id": "229",
        "code": "HDR",
        "uic": "8400311",
        "name_short": "Den Helder",
        "name_medium": "Den Helder",
        "name_long": "Den Helder",
        "slug": "den-helder",
        "country": "NL",
        "type": "intercitystation",
        "name": "Den Helder",
        "latitude": 52.955276489258,
        "longitude": 4.7611112594605
      }
    },
    {
      "type": "Feature",
      "geometry": {
        "type": "Point",
        "coordinates": [
          4.7641668319702,
          52.932498931885
        ]
      },
      "properties": {
        "id": "230",
        "code": "HDRZ",
        "uic": "8400303",
        "name_short": "Dn Heldr Z",
        "name_medium": "Den Helder Zuid",
        "name_long": "Den Helder Zuid",
        "slug": "den-helder-zuid",
        "country": "NL",
        "type": "stoptreinstation",
        "name": "Den Helder Zuid",
        "latitude": 52.932498931885,
        "longitude": 4.7641668319702
      }
    },
    {
      "type": "Feature",
      "geometry": {
        "type": "Point",
        "coordinates": [
          5.7888889312744,
          51.455833435059
        ]
      },
      "properties": {
        "id": "137",
        "code": "DN",
        "uic": "8400172",
        "name_short": "Deurne",
        "name_medium": "Deurne",
        "name_long": "Deurne",
        "slug": "deurne",
        "country": "NL",
        "type": "stoptreinstation",
        "name": "Deurne",
        "latitude": 51.455833435059,
        "longitude": 5.7888889312744
      }
    },
    {
      "type": "Feature",
      "geometry": {
        "type": "Point",
        "coordinates": [
          6.1605553627014,
          52.257499694824
        ]
      },
      "properties": {
        "id": "153",
        "code": "DV",
        "uic": "8400173",
        "name_short": "Deventer",
        "name_medium": "Deventer",
        "name_long": "Deventer",
        "slug": "deventer",
        "country": "NL",
        "type": "knooppuntIntercitystation",
        "name": "Deventer",
        "latitude": 52.257499694824,
        "longitude": 6.1605553627014
      }
    },
    {
      "type": "Feature",
      "geometry": {
        "type": "Point",
        "coordinates": [
          6.2144446372986,
          52.2502784729
        ]
      },
      "properties": {
        "id": "154",
        "code": "DVC",
        "uic": "8400185",
        "name_short": "Colmschate",
        "name_medium": "Colmschate",
        "name_long": "Deventer Colmschate",
        "slug": "deventer-colmschate",
        "country": "NL",
        "type": "stoptreinstation",
        "name": "Deventer Colmschate",
        "latitude": 52.2502784729,
        "longitude": 6.2144446372986
      }
    },
    {
      "type": "Feature",
      "geometry": {
        "type": "Point",
        "coordinates": [
          6.1324106,
          51.933502
        ]
      },
      "properties": {
        "id": "128",
        "code": "DID",
        "uic": "8400174",
        "name_short": "Didam",
        "name_medium": "Didam",
        "name_long": "Didam",
        "slug": "didam",
        "country": "NL",
        "type": "stoptreinstation",
        "name": "Didam",
        "latitude": 51.933502,
        "longitude": 6.1324106
      }
    },
    {
      "type": "Feature",
      "geometry": {
        "type": "Point",
        "coordinates": [
          4.967566,
          52.34515
        ]
      },
      "properties": {
        "id": "135",
        "code": "DMN",
        "uic": "8400165",
        "name_short": "Diemen",
        "name_medium": "Diemen",
        "name_long": "Diemen",
        "slug": "diemen",
        "country": "NL",
        "type": "stoptreinstation",
        "name": "Diemen",
        "latitude": 52.34515,
        "longitude": 4.967566
      }
    },
    {
      "type": "Feature",
      "geometry": {
        "type": "Point",
        "coordinates": [
          4.9558334350586,
          52.330276489258
        ]
      },
      "properties": {
        "id": "136",
        "code": "DMNZ",
        "uic": "8400163",
        "name_short": "Diemen Z",
        "name_medium": "Diemen Zuid",
        "name_long": "Diemen Zuid",
        "slug": "diemen-zuid",
        "country": "NL",
        "type": "stoptreinstation",
        "name": "Diemen Zuid",
        "latitude": 52.330276489258,
        "longitude": 4.9558334350586
      }
    },
    {
      "type": "Feature",
      "geometry": {
        "type": "Point",
        "coordinates": [
          6.1030554771423,
          52.044998168945
        ]
      },
      "properties": {
        "id": "141",
        "code": "DR",
        "uic": "8400176",
        "name_short": "Dieren",
        "name_medium": "Dieren",
        "name_long": "Dieren",
        "slug": "dieren",
        "country": "NL",
        "type": "intercitystation",
        "name": "Dieren",
        "latitude": 52.044998168945,
        "longitude": 6.1030554771423
      }
    },
    {
      "type": "Feature",
      "geometry": {
        "type": "Point",
        "coordinates": [
          6.2962148,
          51.9585962
        ]
      },
      "properties": {
        "id": "145",
        "code": "DTC",
        "uic": "8400177",
        "name_short": "Doetinchem",
        "name_medium": "Doetinchem",
        "name_long": "Doetinchem",
        "slug": "doetinchem",
        "country": "NL",
        "type": "knooppuntStoptreinstation",
        "name": "Doetinchem",
        "latitude": 51.9585962,
        "longitude": 6.2962148
      }
    },
    {
      "type": "Feature",
      "geometry": {
        "type": "Point",
        "coordinates": [
          6.2598521,
          51.9591413
        ]
      },
      "properties": {
        "id": "146",
        "code": "DTCH",
        "uic": "8400184",
        "name_short": "De Huet",
        "name_medium": "De Huet",
        "name_long": "Doetinchem De Huet",
        "slug": "doetinchem-de-huet",
        "country": "NL",
        "type": "stoptreinstation",
        "name": "Doetinchem De Huet",
        "latitude": 51.9591413,
        "longitude": 6.2598521
      }
    },
    {
      "type": "Feature",
      "geometry": {
        "type": "Point",
        "coordinates": [
          4.668333530426,
          51.807220458984
        ]
      },
      "properties": {
        "id": "124",
        "code": "DDR",
        "uic": "8400180",
        "name_short": "Dordrecht",
        "name_medium": "Dordrecht",
        "name_long": "Dordrecht",
        "slug": "dordrecht",
        "country": "NL",
        "type": "knooppuntIntercitystation",
        "name": "Dordrecht",
        "latitude": 51.807220458984,
        "longitude": 4.668333530426
      }
    },
    {
      "type": "Feature",
      "geometry": {
        "type": "Point",
        "coordinates": [
          4.7166666984558,
          51.801944732666
        ]
      },
      "properties": {
        "id": "125",
        "code": "DDRS",
        "uic": "8400186",
        "name_short": "Stadspldrs",
        "name_medium": "Stadspolders",
        "name_long": "Dordrecht Stadspolders",
        "slug": "dordrecht-stadspolders",
        "country": "NL",
        "type": "stoptreinstation",
        "name": "Dordrecht Stadspolders",
        "latitude": 51.801944732666,
        "longitude": 4.7166666984558
      }
    },
    {
      "type": "Feature",
      "geometry": {
        "type": "Point",
        "coordinates": [
          4.6713891029358,
          51.790000915527
        ]
      },
      "properties": {
        "id": "126",
        "code": "DDZD",
        "uic": "8400181",
        "name_short": "Dordrcht Z",
        "name_medium": "Dordrecht Zuid",
        "name_long": "Dordrecht Zuid",
        "slug": "dordrecht-zuid",
        "country": "NL",
        "type": "stoptreinstation",
        "name": "Dordrecht Zuid",
        "latitude": 51.790000915527,
        "longitude": 4.6713891029358
      }
    },
    {
      "type": "Feature",
      "geometry": {
        "type": "Point",
        "coordinates": [
          5.25861120224,
          52.065277099609
        ]
      },
      "properties": {
        "id": "122",
        "code": "DB",
        "uic": "8400182",
        "name_short": "Driebergen",
        "name_medium": "Driebergen-Zeist",
        "name_long": "Driebergen-Zeist",
        "slug": "driebergen-zeist",
        "country": "NL",
        "type": "knooppuntStoptreinstation",
        "name": "Driebergen-Zeist",
        "latitude": 52.065277099609,
        "longitude": 5.25861120224
      }
    },
    {
      "type": "Feature",
      "geometry": {
        "type": "Point",
        "coordinates": [
          4.6380553245544,
          52.442501068115
        ]
      },
      "properties": {
        "id": "142",
        "code": "DRH",
        "uic": "8400183",
        "name_short": "Driehuis",
        "name_medium": "Driehuis",
        "name_long": "Driehuis",
        "slug": "driehuis",
        "country": "NL",
        "type": "stoptreinstation",
        "name": "Driehuis",
        "latitude": 52.442501068115,
        "longitude": 4.6380553245544
      }
    },
    {
      "type": "Feature",
      "geometry": {
        "type": "Point",
        "coordinates": [
          5.6347411,
          53.1778086
        ]
      },
      "properties": {
        "id": "143",
        "code": "DRP",
        "uic": "8400192",
        "name_short": "Dronryp",
        "name_medium": "Dronryp",
        "name_long": "Dronryp",
        "slug": "dronryp",
        "country": "NL",
        "type": "stoptreinstation",
        "name": "Dronryp",
        "latitude": 53.1778086,
        "longitude": 5.6347411
      }
    },
    {
      "type": "Feature",
      "geometry": {
        "type": "Point",
        "coordinates": [
          5.72089,
          52.5344
        ]
      },
      "properties": {
        "id": "682",
        "code": "DRON",
        "uic": "8400198",
        "name_short": "Dronten",
        "name_medium": "Dronten",
        "name_long": "Dronten",
        "slug": "dronten",
        "country": "NL",
        "type": "stoptreinstation",
        "name": "Dronten",
        "latitude": 52.5344,
        "longitude": 5.72089
      }
    },
    {
      "type": "Feature",
      "geometry": {
        "type": "Point",
        "coordinates": [
          6.0147223472595,
          51.943332672119
        ]
      },
      "properties": {
        "id": "156",
        "code": "DVN",
        "uic": "8400193",
        "name_short": "Duiven",
        "name_medium": "Duiven",
        "name_long": "Duiven",
        "slug": "duiven",
        "country": "NL",
        "type": "stoptreinstation",
        "name": "Duiven",
        "latitude": 51.943332672119,
        "longitude": 6.0147223472595
      }
    },
    {
      "type": "Feature",
      "geometry": {
        "type": "Point",
        "coordinates": [
          4.9363889694214,
          52.323333740234
        ]
      },
      "properties": {
        "id": "155",
        "code": "DVD",
        "uic": "8400194",
        "name_short": "Duivendrt",
        "name_medium": "Duivendrecht",
        "name_long": "Duivendrecht",
        "slug": "duivendrecht",
        "country": "NL",
        "type": "knooppuntStoptreinstation",
        "name": "Duivendrecht",
        "latitude": 52.323333740234,
        "longitude": 4.9363889694214
      }
    },
    {
      "type": "Feature",
      "geometry": {
        "type": "Point",
        "coordinates": [
          5.8788890838623,
          51.100555419922
        ]
      },
      "properties": {
        "id": "161",
        "code": "EC",
        "uic": "8400195",
        "name_short": "Echt",
        "name_medium": "Echt",
        "name_long": "Echt",
        "slug": "echt",
        "country": "NL",
        "type": "stoptreinstation",
        "name": "Echt",
        "latitude": 51.100555419922,
        "longitude": 5.8788890838623
      }
    },
    {
      "type": "Feature",
      "geometry": {
        "type": "Point",
        "coordinates": [
          5.668333530426,
          52.043609619141
        ]
      },
      "properties": {
        "id": "163",
        "code": "EDC",
        "uic": "8400201",
        "name_short": "Ede C",
        "name_medium": "Ede C.",
        "name_long": "Ede Centrum",
        "slug": "ede-centrum",
        "country": "NL",
        "type": "stoptreinstation",
        "name": "Ede Centrum",
        "latitude": 52.043609619141,
        "longitude": 5.668333530426
      }
    },
    {
      "type": "Feature",
      "geometry": {
        "type": "Point",
        "coordinates": [
          5.6730556488037,
          52.027778625488
        ]
      },
      "properties": {
        "id": "162",
        "code": "ED",
        "uic": "8400200",
        "name_short": "Ede-Wag",
        "name_medium": "Ede-Wageningen",
        "name_long": "Ede-Wageningen",
        "slug": "ede-wageningen",
        "country": "NL",
        "type": "knooppuntIntercitystation",
        "name": "Ede-Wageningen",
        "latitude": 52.027778625488,
        "longitude": 5.6730556488037
      }
    },
    {
      "type": "Feature",
      "geometry": {
        "type": "Point",
        "coordinates": [
          6.832,
          53.458419
        ]
      },
      "properties": {
        "id": "817",
        "code": "EEM",
        "uic": "8400202",
        "name_short": "Eemshaven",
        "name_medium": "Eemshaven",
        "name_long": "Eemshaven",
        "slug": "eemshaven",
        "country": "NL",
        "type": "stoptreinstation",
        "name": "Eemshaven",
        "latitude": 53.458419,
        "longitude": 6.832
      }
    },
    {
      "type": "Feature",
      "geometry": {
        "type": "Point",
        "coordinates": [
          5.710000038147,
          50.771945953369
        ]
      },
      "properties": {
        "id": "164",
        "code": "EDN",
        "uic": "8400219",
        "name_short": "Eijsden",
        "name_medium": "Eijsden",
        "name_long": "Eijsden",
        "slug": "eijsden",
        "country": "NL",
        "type": "stoptreinstation",
        "name": "Eijsden",
        "latitude": 50.771945953369,
        "longitude": 5.710000038147
      }
    },
    {
      "type": "Feature",
      "geometry": {
        "type": "Point",
        "coordinates": [
          5.4813890457153,
          51.443332672119
        ]
      },
      "properties": {
        "id": "168",
        "code": "EHV",
        "uic": "8400206",
        "name_short": "Eindhovn C",
        "name_medium": "Eindhoven C.",
        "name_long": "Eindhoven Centraal",
        "slug": "eindhoven-centraal",
        "country": "NL",
        "type": "megastation",
        "name": "Eindhoven Centraal",
        "latitude": 51.443332672119,
        "longitude": 5.4813890457153
      }
    },
    {
      "type": "Feature",
      "geometry": {
        "type": "Point",
        "coordinates": [
          5.4558334350586,
          51.451110839844
        ]
      },
      "properties": {
        "id": "784",
        "code": "EHS",
        "uic": "8400196",
        "name_short": "Strijp-S",
        "name_medium": "Strijp-S",
        "name_long": "Eindhoven Strijp-S",
        "slug": "eindhoven-strijp-s",
        "country": "NL",
        "type": "stoptreinstation",
        "name": "Eindhoven Strijp-S",
        "latitude": 51.451110839844,
        "longitude": 5.4558334350586
      }
    },
    {
      "type": "Feature",
      "geometry": {
        "type": "Point",
        "coordinates": [
          5.8550000190735,
          51.916942596435
        ]
      },
      "properties": {
        "id": "184",
        "code": "EST",
        "uic": "8400207",
        "name_short": "Elst",
        "name_medium": "Elst",
        "name_long": "Elst",
        "slug": "elst",
        "country": "NL",
        "type": "knooppuntStoptreinstation",
        "name": "Elst",
        "latitude": 51.916942596435,
        "longitude": 5.8550000190735
      }
    },
    {
      "type": "Feature",
      "geometry": {
        "type": "Point",
        "coordinates": [
          6.8994445800781,
          52.790000915527
        ]
      },
      "properties": {
        "id": "173",
        "code": "EMN",
        "uic": "8400208",
        "name_short": "Emmen",
        "name_medium": "Emmen",
        "name_long": "Emmen",
        "slug": "emmen",
        "country": "NL",
        "type": "sneltreinstation",
        "name": "Emmen",
        "latitude": 52.790000915527,
        "longitude": 6.8994445800781
      }
    },
    {
      "type": "Feature",
      "geometry": {
        "type": "Point",
        "coordinates": [
          6.8747806549072,
          52.748866374691
        ]
      },
      "properties": {
        "id": "174",
        "code": "EMNZ",
        "uic": "8400407",
        "name_short": "Emmen Z",
        "name_medium": "Emmen Zuid",
        "name_long": "Emmen Zuid",
        "slug": "emmen-zuid",
        "country": "NL",
        "type": "sneltreinstation",
        "name": "Emmen Zuid",
        "latitude": 52.748866374691,
        "longitude": 6.8747806549072
      }
    },
    {
      "type": "Feature",
      "geometry": {
        "type": "Point",
        "coordinates": [
          5.286388874054,
          52.699165344238
        ]
      },
      "properties": {
        "id": "170",
        "code": "EKZ",
        "uic": "8400210",
        "name_short": "Enkhuizen",
        "name_medium": "Enkhuizen",
        "name_long": "Enkhuizen",
        "slug": "enkhuizen",
        "country": "NL",
        "type": "stoptreinstation",
        "name": "Enkhuizen",
        "latitude": 52.699165344238,
        "longitude": 5.286388874054
      }
    },
    {
      "type": "Feature",
      "geometry": {
        "type": "Point",
        "coordinates": [
          6.8899998664856,
          52.222499847412
        ]
      },
      "properties": {
        "id": "178",
        "code": "ES",
        "uic": "8400212",
        "name_short": "Enschede",
        "name_medium": "Enschede",
        "name_long": "Enschede",
        "slug": "enschede",
        "country": "NL",
        "type": "knooppuntIntercitystation",
        "name": "Enschede",
        "latitude": 52.222499847412,
        "longitude": 6.8899998664856
      }
    },
    {
      "type": "Feature",
      "geometry": {
        "type": "Point",
        "coordinates": [
          6.9511113166809,
          52.221389770508
        ]
      },
      "properties": {
        "id": "181",
        "code": "ESE",
        "uic": "8400217",
        "name_short": "Eschmarke",
        "name_medium": "De Eschmarke",
        "name_long": "Enschede De Eschmarke",
        "slug": "enschede-de-eschmarke",
        "country": "NL",
        "type": "stoptreinstation",
        "name": "Enschede De Eschmarke",
        "latitude": 52.221389770508,
        "longitude": 6.9511113166809
      }
    },
    {
      "type": "Feature",
      "geometry": {
        "type": "Point",
        "coordinates": [
          6.8388891220093,
          52.23749923706
        ]
      },
      "properties": {
        "id": "785",
        "code": "ESK",
        "uic": "8400221",
        "name_short": "Kennispark",
        "name_medium": "Kennispark",
        "name_long": "Enschede Kennispark",
        "slug": "enschede-kennispark",
        "country": "NL",
        "type": "stoptreinstation",
        "name": "Enschede Kennispark",
        "latitude": 52.23749923706,
        "longitude": 6.8388891220093
      }
    },
    {
      "type": "Feature",
      "geometry": {
        "type": "Point",
        "coordinates": [
          5.6147222518921,
          52.301666259766
        ]
      },
      "properties": {
        "id": "172",
        "code": "EML",
        "uic": "8400216",
        "name_short": "Ermelo",
        "name_medium": "Ermelo",
        "name_long": "Ermelo",
        "slug": "ermelo",
        "country": "NL",
        "type": "stoptreinstation",
        "name": "Ermelo",
        "latitude": 52.301666259766,
        "longitude": 5.6147222518921
      }
    },
    {
      "type": "Feature",
      "geometry": {
        "type": "Point",
        "coordinates": [
          4.6358332633972,
          51.57500076294
        ]
      },
      "properties": {
        "id": "185",
        "code": "ETN",
        "uic": "8400218",
        "name_short": "Etten-Leur",
        "name_medium": "Etten-Leur",
        "name_long": "Etten-Leur",
        "slug": "etten-leur",
        "country": "NL",
        "type": "intercitystation",
        "name": "Etten-Leur",
        "latitude": 51.57500076294,
        "longitude": 4.6358332633972
      }
    },
    {
      "type": "Feature",
      "geometry": {
        "type": "Point",
        "coordinates": [
          6.0450000762939,
          50.890556335449
        ]
      },
      "properties": {
        "id": "165",
        "code": "EGH",
        "uic": "8400338",
        "name_short": "Eygelshov",
        "name_medium": "Eygelshoven",
        "name_long": "Eygelshoven",
        "slug": "eygelshoven",
        "country": "NL",
        "type": "stoptreinstation",
        "name": "Eygelshoven",
        "latitude": 50.890556335449,
        "longitude": 6.0450000762939
      }
    },
    {
      "type": "Feature",
      "geometry": {
        "type": "Point",
        "coordinates": [
          6.0602474212646,
          50.896049819644
        ]
      },
      "properties": {
        "id": "166",
        "code": "EGHM",
        "uic": "8400234",
        "name_short": "Eygelsh M",
        "name_medium": "Eygelshoven Mrkt",
        "name_long": "Eygelshoven Markt",
        "slug": "eygelshoven-markt",
        "country": "NL",
        "type": "stoptreinstation",
        "name": "Eygelshoven Markt",
        "latitude": 50.896049819644,
        "longitude": 6.0602474212646
      }
    },
    {
      "type": "Feature",
      "geometry": {
        "type": "Point",
        "coordinates": [
          5.9886615,
          53.2351834
        ]
      },
      "properties": {
        "id": "786",
        "code": "FWD",
        "uic": "8400638",
        "name_short": "Feanwâlden",
        "name_medium": "Feanwâlden",
        "name_long": "Feanwâlden",
        "slug": "feanwalden",
        "country": "NL",
        "type": "stoptreinstation",
        "name": "Feanwâlden",
        "latitude": 53.2351834,
        "longitude": 5.9886615
      }
    },
    {
      "type": "Feature",
      "geometry": {
        "type": "Point",
        "coordinates": [
          5.5483094,
          53.1824488
        ]
      },
      "properties": {
        "id": "187",
        "code": "FN",
        "uic": "8400232",
        "name_short": "Franeker",
        "name_medium": "Franeker",
        "name_long": "Franeker",
        "slug": "franeker",
        "country": "NL",
        "type": "stoptreinstation",
        "name": "Franeker",
        "latitude": 53.1824488,
        "longitude": 5.5483094
      }
    },
    {
      "type": "Feature",
      "geometry": {
        "type": "Point",
        "coordinates": [
          6.3486,
          51.93074
        ]
      },
      "properties": {
        "id": "199",
        "code": "GDR",
        "uic": "8400241",
        "name_short": "Gaanderen",
        "name_medium": "Gaanderen",
        "name_long": "Gaanderen",
        "slug": "gaanderen",
        "country": "NL",
        "type": "stoptreinstation",
        "name": "Gaanderen",
        "latitude": 51.93074,
        "longitude": 6.3486
      }
    },
    {
      "type": "Feature",
      "geometry": {
        "type": "Point",
        "coordinates": [
          5.27127,
          51.88301
        ]
      },
      "properties": {
        "id": "198",
        "code": "GDM",
        "uic": "8400244",
        "name_short": "Geldermlsn",
        "name_medium": "Geldermalsen",
        "name_long": "Geldermalsen",
        "slug": "geldermalsen",
        "country": "NL",
        "type": "knooppuntStoptreinstation",
        "name": "Geldermalsen",
        "latitude": 51.88301,
        "longitude": 5.27127
      }
    },
    {
      "type": "Feature",
      "geometry": {
        "type": "Point",
        "coordinates": [
          5.5505557060242,
          51.419723510742
        ]
      },
      "properties": {
        "id": "209",
        "code": "GP",
        "uic": "8400245",
        "name_short": "Geldrop",
        "name_medium": "Geldrop",
        "name_long": "Geldrop",
        "slug": "geldrop",
        "country": "NL",
        "type": "knooppuntStoptreinstation",
        "name": "Geldrop",
        "latitude": 51.419723510742,
        "longitude": 5.5505557060242
      }
    },
    {
      "type": "Feature",
      "geometry": {
        "type": "Point",
        "coordinates": [
          5.8430557250977,
          50.966945648193
        ]
      },
      "properties": {
        "id": "203",
        "code": "GLN",
        "uic": "8400246",
        "name_short": "Geleen O",
        "name_medium": "Geleen Oost",
        "name_long": "Geleen Oost",
        "slug": "geleen-oost",
        "country": "NL",
        "type": "stoptreinstation",
        "name": "Geleen Oost",
        "latitude": 50.966945648193,
        "longitude": 5.8430557250977
      }
    },
    {
      "type": "Feature",
      "geometry": {
        "type": "Point",
        "coordinates": [
          5.8247222900391,
          50.975555419922
        ]
      },
      "properties": {
        "id": "320",
        "code": "LUT",
        "uic": "8400248",
        "name_short": "Geleen-Lut",
        "name_medium": "Geleen-Lut.",
        "name_long": "Geleen-Lutterade",
        "slug": "geleen-lutterade",
        "country": "NL",
        "type": "stoptreinstation",
        "name": "Geleen-Lutterade",
        "latitude": 50.975555419922,
        "longitude": 5.8247222900391
      }
    },
    {
      "type": "Feature",
      "geometry": {
        "type": "Point",
        "coordinates": [
          4.9261112213135,
          51.583610534668
        ]
      },
      "properties": {
        "id": "218",
        "code": "GZ",
        "uic": "8400251",
        "name_short": "Gilze-Rij",
        "name_medium": "Gilze-Rijen",
        "name_long": "Gilze-Rijen",
        "slug": "gilze-rijen",
        "country": "NL",
        "type": "stoptreinstation",
        "name": "Gilze-Rijen",
        "latitude": 51.583610534668,
        "longitude": 4.9261112213135
      }
    },
    {
      "type": "Feature",
      "geometry": {
        "type": "Point",
        "coordinates": [
          6.9744443893433,
          52.218612670898
        ]
      },
      "properties": {
        "id": "194",
        "code": "GBR",
        "uic": "8400262",
        "name_short": "Glanerbrug",
        "name_medium": "Glanerbrug",
        "name_long": "Glanerbrug",
        "slug": "glanerbrug",
        "country": "NL",
        "type": "stoptreinstation",
        "name": "Glanerbrug",
        "latitude": 52.218612670898,
        "longitude": 6.9744443893433
      }
    },
    {
      "type": "Feature",
      "geometry": {
        "type": "Point",
        "coordinates": [
          3.8905556201935,
          51.498054504395
        ]
      },
      "properties": {
        "id": "211",
        "code": "GS",
        "uic": "8400253",
        "name_short": "Goes",
        "name_medium": "Goes",
        "name_long": "Goes",
        "slug": "goes",
        "country": "NL",
        "type": "stoptreinstation",
        "name": "Goes",
        "latitude": 51.498054504395,
        "longitude": 3.8905556201935
      }
    },
    {
      "type": "Feature",
      "geometry": {
        "type": "Point",
        "coordinates": [
          6.5844445228577,
          52.230278015137
        ]
      },
      "properties": {
        "id": "207",
        "code": "GO",
        "uic": "8400254",
        "name_short": "Goor",
        "name_medium": "Goor",
        "name_long": "Goor",
        "slug": "goor",
        "country": "NL",
        "type": "stoptreinstation",
        "name": "Goor",
        "latitude": 52.230278015137,
        "longitude": 6.5844445228577
      }
    },
    {
      "type": "Feature",
      "geometry": {
        "type": "Point",
        "coordinates": [
          4.9683332443237,
          51.833889007568
        ]
      },
      "properties": {
        "id": "210",
        "code": "GR",
        "uic": "8400256",
        "name_short": "Gorinchem",
        "name_medium": "Gorinchem",
        "name_long": "Gorinchem",
        "slug": "gorinchem",
        "country": "NL",
        "type": "knooppuntStoptreinstation",
        "name": "Gorinchem",
        "latitude": 51.833889007568,
        "longitude": 4.9683332443237
      }
    },
    {
      "type": "Feature",
      "geometry": {
        "type": "Point",
        "coordinates": [
          4.7044444084167,
          52.017501831055
        ]
      },
      "properties": {
        "id": "195",
        "code": "GD",
        "uic": "8400258",
        "name_short": "Gouda",
        "name_medium": "Gouda",
        "name_long": "Gouda",
        "slug": "gouda",
        "country": "NL",
        "type": "knooppuntIntercitystation",
        "name": "Gouda",
        "latitude": 52.017501831055,
        "longitude": 4.7044444084167
      }
    },
    {
      "type": "Feature",
      "geometry": {
        "type": "Point",
        "coordinates": [
          4.7408332824707,
          52.014999389648
        ]
      },
      "properties": {
        "id": "196",
        "code": "GDG",
        "uic": "8400257",
        "name_short": "Goverwelle",
        "name_medium": "Goverwelle",
        "name_long": "Gouda Goverwelle",
        "slug": "gouda-goverwelle",
        "country": "NL",
        "type": "stoptreinstation",
        "name": "Gouda Goverwelle",
        "latitude": 52.014999389648,
        "longitude": 4.7408332824707
      }
    },
    {
      "type": "Feature",
      "geometry": {
        "type": "Point",
        "coordinates": [
          6.6758332252502,
          52.60916519165
        ]
      },
      "properties": {
        "id": "193",
        "code": "GBG",
        "uic": "8400259",
        "name_short": "Gramsbergn",
        "name_medium": "Gramsbergen",
        "name_long": "Gramsbergen",
        "slug": "gramsbergen",
        "country": "NL",
        "type": "stoptreinstation",
        "name": "Gramsbergen",
        "latitude": 52.60916519165,
        "longitude": 6.6758332252502
      }
    },
    {
      "type": "Feature",
      "geometry": {
        "type": "Point",
        "coordinates": [
          6.3097786903381,
          53.255740325573
        ]
      },
      "properties": {
        "id": "202",
        "code": "GK",
        "uic": "8400267",
        "name_short": "Grijpskerk",
        "name_medium": "Grijpskerk",
        "name_long": "Grijpskerk",
        "slug": "grijpskerk",
        "country": "NL",
        "type": "stoptreinstation",
        "name": "Grijpskerk",
        "latitude": 53.255740325573,
        "longitude": 6.3097786903381
      }
    },
    {
      "type": "Feature",
      "geometry": {
        "type": "Point",
        "coordinates": [
          6.5647220611572,
          53.210556030273
        ]
      },
      "properties": {
        "id": "204",
        "code": "GN",
        "uic": "8400263",
        "name_short": "Groningen",
        "name_medium": "Groningen",
        "name_long": "Groningen",
        "slug": "groningen",
        "country": "NL",
        "type": "knooppuntIntercitystation",
        "name": "Groningen",
        "latitude": 53.210556030273,
        "longitude": 6.5647220611572
      }
    },
    {
      "type": "Feature",
      "geometry": {
        "type": "Point",
        "coordinates": [
          6.5854178,
          53.20480027
        ]
      },
      "properties": {
        "id": "201",
        "code": "GERP",
        "uic": "8400238",
        "name_short": "Europapark",
        "name_medium": "Europapark",
        "name_long": "Groningen Europapark",
        "slug": "groningen-europapark",
        "country": "NL",
        "type": "stoptreinstation",
        "name": "Groningen Europapark",
        "latitude": 53.20480027,
        "longitude": 6.5854178
      }
    },
    {
      "type": "Feature",
      "geometry": {
        "type": "Point",
        "coordinates": [
          6.5563172,
          53.2301469
        ]
      },
      "properties": {
        "id": "206",
        "code": "GNN",
        "uic": "8400264",
        "name_short": "Groningn N",
        "name_medium": "Groningen Noord",
        "name_long": "Groningen Noord",
        "slug": "groningen-noord",
        "country": "NL",
        "type": "stoptreinstation",
        "name": "Groningen Noord",
        "latitude": 53.2301469,
        "longitude": 6.5563172
      }
    },
    {
      "type": "Feature",
      "geometry": {
        "type": "Point",
        "coordinates": [
          5.8225002288818,
          53.088890075684
        ]
      },
      "properties": {
        "id": "217",
        "code": "GW",
        "uic": "8400266",
        "name_short": "Grou-Jirns",
        "name_medium": "Grou-Jirnsum",
        "name_long": "Grou-Jirnsum",
        "slug": "grou-jirnsum",
        "country": "NL",
        "type": "stoptreinstation",
        "name": "Grou-Jirnsum",
        "latitude": 53.088890075684,
        "longitude": 5.8225002288818
      }
    },
    {
      "type": "Feature",
      "geometry": {
        "type": "Point",
        "coordinates": [
          4.6383333206177,
          52.38777923584
        ]
      },
      "properties": {
        "id": "244",
        "code": "HLM",
        "uic": "8400285",
        "name_short": "Haarlem",
        "name_medium": "Haarlem",
        "name_long": "Haarlem",
        "slug": "haarlem",
        "country": "NL",
        "type": "knooppuntIntercitystation",
        "name": "Haarlem",
        "latitude": 52.38777923584,
        "longitude": 4.6383333206177
      }
    },
    {
      "type": "Feature",
      "geometry": {
        "type": "Point",
        "coordinates": [
          4.6730556488037,
          52.382778167725
        ]
      },
      "properties": {
        "id": "245",
        "code": "HLMS",
        "uic": "8400270",
        "name_short": "Spaarnwde",
        "name_medium": "Spaarnwoude",
        "name_long": "Haarlem Spaarnwoude",
        "slug": "haarlem-spaarnwoude",
        "country": "NL",
        "type": "stoptreinstation",
        "name": "Haarlem Spaarnwoude",
        "latitude": 52.382778167725,
        "longitude": 4.6730556488037
      }
    },
    {
      "type": "Feature",
      "geometry": {
        "type": "Point",
        "coordinates": [
          4.747165,
          52.385935
        ]
      },
      "properties": {
        "id": "684",
        "code": "HWZB",
        "uic": "8400400",
        "name_short": "Halfweg-Zw",
        "name_medium": "Halfweg-Zw.",
        "name_long": "Halfweg-Zwanenburg",
        "slug": "halfweg-zwanenburg",
        "country": "NL",
        "type": "stoptreinstation",
        "name": "Halfweg-Zwanenburg",
        "latitude": 52.385935,
        "longitude": 4.747165
      }
    },
    {
      "type": "Feature",
      "geometry": {
        "type": "Point",
        "coordinates": [
          6.6286110877991,
          52.572776794434
        ]
      },
      "properties": {
        "id": "226",
        "code": "HDB",
        "uic": "8400293",
        "name_short": "Hardenberg",
        "name_medium": "Hardenberg",
        "name_long": "Hardenberg",
        "slug": "hardenberg",
        "country": "NL",
        "type": "sneltreinstation",
        "name": "Hardenberg",
        "latitude": 52.572776794434,
        "longitude": 6.6286110877991
      }
    },
    {
      "type": "Feature",
      "geometry": {
        "type": "Point",
        "coordinates": [
          5.619722366333,
          52.337501525879
        ]
      },
      "properties": {
        "id": "225",
        "code": "HD",
        "uic": "8400294",
        "name_short": "Harderwijk",
        "name_medium": "Harderwijk",
        "name_long": "Harderwijk",
        "slug": "harderwijk",
        "country": "NL",
        "type": "knooppuntStoptreinstation",
        "name": "Harderwijk",
        "latitude": 52.337501525879,
        "longitude": 5.619722366333
      }
    },
    {
      "type": "Feature",
      "geometry": {
        "type": "Point",
        "coordinates": [
          4.81556,
          51.82944
        ]
      },
      "properties": {
        "id": "685",
        "code": "HBZM",
        "uic": "8400438",
        "name_short": "Blauwe Zm",
        "name_medium": "Blauwe Zoom",
        "name_long": "Hardinxveld Blauwe Zoom",
        "slug": "hardinxveld-blauwe-zoom",
        "country": "NL",
        "type": "stoptreinstation",
        "name": "Hardinxveld Blauwe Zoom",
        "latitude": 51.82944,
        "longitude": 4.81556
      }
    },
    {
      "type": "Feature",
      "geometry": {
        "type": "Point",
        "coordinates": [
          4.8358335494995,
          51.830554962158
        ]
      },
      "properties": {
        "id": "205",
        "code": "GND",
        "uic": "8400295",
        "name_short": "Hardinxvld",
        "name_medium": "Hardinxveld-G.",
        "name_long": "Hardinxveld-Giessendam",
        "slug": "hardinxveld-giessendam",
        "country": "NL",
        "type": "stoptreinstation",
        "name": "Hardinxveld-Giessendam",
        "latitude": 51.830554962158,
        "longitude": 4.8358335494995
      }
    },
    {
      "type": "Feature",
      "geometry": {
        "type": "Point",
        "coordinates": [
          6.6172223091125,
          53.176109313965
        ]
      },
      "properties": {
        "id": "264",
        "code": "HRN",
        "uic": "8400297",
        "name_short": "Haren",
        "name_medium": "Haren",
        "name_long": "Haren",
        "slug": "haren",
        "country": "NL",
        "type": "stoptreinstation",
        "name": "Haren",
        "latitude": 53.176109313965,
        "longitude": 6.6172223091125
      }
    },
    {
      "type": "Feature",
      "geometry": {
        "type": "Point",
        "coordinates": [
          5.4251932,
          53.1704205
        ]
      },
      "properties": {
        "id": "242",
        "code": "HLG",
        "uic": "8400296",
        "name_short": "Harlingen",
        "name_medium": "Harlingen",
        "name_long": "Harlingen",
        "slug": "harlingen",
        "country": "NL",
        "type": "stoptreinstation",
        "name": "Harlingen",
        "latitude": 53.1704205,
        "longitude": 5.4251932
      }
    },
    {
      "type": "Feature",
      "geometry": {
        "type": "Point",
        "coordinates": [
          5.4112885,
          53.174917
        ]
      },
      "properties": {
        "id": "243",
        "code": "HLGH",
        "uic": "8400298",
        "name_short": "Harl Haven",
        "name_medium": "Harlingen Haven",
        "name_long": "Harlingen Haven",
        "slug": "harlingen-haven",
        "country": "NL",
        "type": "stoptreinstation",
        "name": "Harlingen Haven",
        "latitude": 53.174917,
        "longitude": 5.4112885
      }
    },
    {
      "type": "Feature",
      "geometry": {
        "type": "Point",
        "coordinates": [
          4.6869444847107,
          52.495277404785
        ]
      },
      "properties": {
        "id": "238",
        "code": "HK",
        "uic": "8400317",
        "name_short": "Heemskerk",
        "name_medium": "Heemskerk",
        "name_long": "Heemskerk",
        "slug": "heemskerk",
        "country": "NL",
        "type": "stoptreinstation",
        "name": "Heemskerk",
        "latitude": 52.495277404785,
        "longitude": 4.6869444847107
      }
    },
    {
      "type": "Feature",
      "geometry": {
        "type": "Point",
        "coordinates": [
          4.6066665649414,
          52.35916519165
        ]
      },
      "properties": {
        "id": "219",
        "code": "HAD",
        "uic": "8400302",
        "name_short": "Heemstede",
        "name_medium": "Heemstede-A.",
        "name_long": "Heemstede-Aerdenhout",
        "slug": "heemstede-aerdenhout",
        "country": "NL",
        "type": "intercitystation",
        "name": "Heemstede-Aerdenhout",
        "latitude": 52.35916519165,
        "longitude": 4.6066665649414
      }
    },
    {
      "type": "Feature",
      "geometry": {
        "type": "Point",
        "coordinates": [
          5.9141664505005,
          52.961387634277
        ]
      },
      "properties": {
        "id": "260",
        "code": "HR",
        "uic": "8400305",
        "name_short": "Heerenveen",
        "name_medium": "Heerenveen",
        "name_long": "Heerenveen",
        "slug": "heerenveen",
        "country": "NL",
        "type": "intercitystation",
        "name": "Heerenveen",
        "latitude": 52.961387634277,
        "longitude": 5.9141664505005
      }
    },
    {
      "type": "Feature",
      "geometry": {
        "type": "Point",
        "coordinates": [
          4.8227777481079,
          52.669723510742
        ]
      },
      "properties": {
        "id": "274",
        "code": "HWD",
        "uic": "8400306",
        "name_short": "Heerhugow",
        "name_medium": "Heerhugowaard",
        "name_long": "Heerhugowaard",
        "slug": "heerhugowaard",
        "country": "NL",
        "type": "knooppuntStoptreinstation",
        "name": "Heerhugowaard",
        "latitude": 52.669723510742,
        "longitude": 4.8227777481079
      }
    },
    {
      "type": "Feature",
      "geometry": {
        "type": "Point",
        "coordinates": [
          5.9749999046326,
          50.89083480835
        ]
      },
      "properties": {
        "id": "261",
        "code": "HRL",
        "uic": "8400307",
        "name_short": "Heerlen",
        "name_medium": "Heerlen",
        "name_long": "Heerlen",
        "slug": "heerlen",
        "country": "NL",
        "type": "knooppuntIntercitystation",
        "name": "Heerlen",
        "latitude": 50.89083480835,
        "longitude": 5.9749999046326
      }
    },
    {
      "type": "Feature",
      "geometry": {
        "type": "Point",
        "coordinates": [
          5.952222,
          50.896667
        ]
      },
      "properties": {
        "id": "262",
        "code": "HRLW",
        "uic": "8400404",
        "name_short": "Heerlen W",
        "name_medium": "Hrl Woonblvd",
        "name_long": "Heerlen Woonboulevard",
        "slug": "heerlen-woonboulevard",
        "country": "NL",
        "type": "stoptreinstation",
        "name": "Heerlen Woonboulevard",
        "latitude": 50.896667,
        "longitude": 5.952222
      }
    },
    {
      "type": "Feature",
      "geometry": {
        "type": "Point",
        "coordinates": [
          5.5694446563721,
          51.384998321533
        ]
      },
      "properties": {
        "id": "276",
        "code": "HZE",
        "uic": "8400308",
        "name_short": "Heeze",
        "name_medium": "Heeze",
        "name_long": "Heeze",
        "slug": "heeze",
        "country": "NL",
        "type": "stoptreinstation",
        "name": "Heeze",
        "latitude": 51.384998321533,
        "longitude": 5.5694446563721
      }
    },
    {
      "type": "Feature",
      "geometry": {
        "type": "Point",
        "coordinates": [
          4.7005553245544,
          52.599445343018
        ]
      },
      "properties": {
        "id": "246",
        "code": "HLO",
        "uic": "8400309",
        "name_short": "Heiloo",
        "name_medium": "Heiloo",
        "name_long": "Heiloo",
        "slug": "heiloo",
        "country": "NL",
        "type": "stoptreinstation",
        "name": "Heiloo",
        "latitude": 52.599445343018,
        "longitude": 4.7005553245544
      }
    },
    {
      "type": "Feature",
      "geometry": {
        "type": "Point",
        "coordinates": [
          6.2211112976074,
          52.427223205566
        ]
      },
      "properties": {
        "id": "254",
        "code": "HNO",
        "uic": "8400310",
        "name_short": "Heino",
        "name_medium": "Heino",
        "name_long": "Heino",
        "slug": "heino",
        "country": "NL",
        "type": "stoptreinstation",
        "name": "Heino",
        "latitude": 52.427223205566,
        "longitude": 6.2211112976074
      }
    },
    {
      "type": "Feature",
      "geometry": {
        "type": "Point",
        "coordinates": [
          5.6619443893433,
          51.475555419922
        ]
      },
      "properties": {
        "id": "247",
        "code": "HM",
        "uic": "8400313",
        "name_short": "Helmond",
        "name_medium": "Helmond",
        "name_long": "Helmond",
        "slug": "helmond",
        "country": "NL",
        "type": "knooppuntIntercitystation",
        "name": "Helmond",
        "latitude": 51.475555419922,
        "longitude": 5.6619443893433
      }
    },
    {
      "type": "Feature",
      "geometry": {
        "type": "Point",
        "coordinates": [
          5.63085,
          51.46794
        ]
      },
      "properties": {
        "id": "250",
        "code": "HMH",
        "uic": "8400300",
        "name_short": "'t Hout",
        "name_medium": "'t Hout",
        "name_long": "Helmond 't Hout",
        "slug": "helmond-t-hout",
        "country": "NL",
        "type": "stoptreinstation",
        "name": "Helmond 't Hout",
        "latitude": 51.46794,
        "longitude": 5.63085
      }
    },
    {
      "type": "Feature",
      "geometry": {
        "type": "Point",
        "coordinates": [
          5.6072220802307,
          51.462223052979
        ]
      },
      "properties": {
        "id": "249",
        "code": "HMBV",
        "uic": "8400242",
        "name_short": "Brandevrt",
        "name_medium": "Brandevoort",
        "name_long": "Helmond Brandevoort",
        "slug": "helmond-brandevoort",
        "country": "NL",
        "type": "stoptreinstation",
        "name": "Helmond Brandevoort",
        "latitude": 51.462223052979,
        "longitude": 5.6072220802307
      }
    },
    {
      "type": "Feature",
      "geometry": {
        "type": "Point",
        "coordinates": [
          5.70177,
          51.47068
        ]
      },
      "properties": {
        "id": "248",
        "code": "HMBH",
        "uic": "8400299",
        "name_short": "Brouwhuis",
        "name_medium": "Brouwhuis",
        "name_long": "Helmond Brouwhuis",
        "slug": "helmond-brouwhuis",
        "country": "NL",
        "type": "stoptreinstation",
        "name": "Helmond Brouwhuis",
        "latitude": 51.47068,
        "longitude": 5.70177
      }
    },
    {
      "type": "Feature",
      "geometry": {
        "type": "Point",
        "coordinates": [
          5.6737254,
          51.9222129
        ]
      },
      "properties": {
        "id": "251",
        "code": "HMN",
        "uic": "8400315",
        "name_short": "Hemmen-D",
        "name_medium": "Hemmen-Dodew.",
        "name_long": "Hemmen-Dodewaard",
        "slug": "hemmen-dodewaard",
        "country": "NL",
        "type": "stoptreinstation",
        "name": "Hemmen-Dodewaard",
        "latitude": 51.9222129,
        "longitude": 5.6737254
      }
    },
    {
      "type": "Feature",
      "geometry": {
        "type": "Point",
        "coordinates": [
          6.7938890457153,
          52.261665344238
        ]
      },
      "properties": {
        "id": "233",
        "code": "HGL",
        "uic": "8400316",
        "name_short": "Hengelo",
        "name_medium": "Hengelo",
        "name_long": "Hengelo",
        "slug": "hengelo",
        "country": "NL",
        "type": "knooppuntIntercitystation",
        "name": "Hengelo",
        "latitude": 52.261665344238,
        "longitude": 6.7938890457153
      }
    },
    {
      "type": "Feature",
      "geometry": {
        "type": "Point",
        "coordinates": [
          6.767778,
          52.261667
        ]
      },
      "properties": {
        "id": "686",
        "code": "HGLG",
        "uic": "8400433",
        "name_short": "Gezondhprk",
        "name_medium": "Hengelo Gezondh.",
        "name_long": "Hengelo Gezondheidspark",
        "slug": "hengelo-gezondheidspark",
        "country": "NL",
        "type": "stoptreinstation",
        "name": "Hengelo Gezondheidspark",
        "latitude": 52.261667,
        "longitude": 6.767778
      }
    },
    {
      "type": "Feature",
      "geometry": {
        "type": "Point",
        "coordinates": [
          6.8194446563721,
          52.268890380859
        ]
      },
      "properties": {
        "id": "234",
        "code": "HGLO",
        "uic": "8400312",
        "name_short": "Hengelo O",
        "name_medium": "Hengelo Oost",
        "name_long": "Hengelo Oost",
        "slug": "hengelo-oost",
        "country": "NL",
        "type": "stoptreinstation",
        "name": "Hengelo Oost",
        "latitude": 52.268890380859,
        "longitude": 6.8194446563721
      }
    },
    {
      "type": "Feature",
      "geometry": {
        "type": "Point",
        "coordinates": [
          4.5655555725098,
          52.302501678467
        ]
      },
      "properties": {
        "id": "237",
        "code": "HIL",
        "uic": "8400329",
        "name_short": "Hillegom",
        "name_medium": "Hillegom",
        "name_long": "Hillegom",
        "slug": "hillegom",
        "country": "NL",
        "type": "stoptreinstation",
        "name": "Hillegom",
        "latitude": 52.302501678467,
        "longitude": 4.5655555725098
      }
    },
    {
      "type": "Feature",
      "geometry": {
        "type": "Point",
        "coordinates": [
          5.1819443702698,
          52.225833892822
        ]
      },
      "properties": {
        "id": "271",
        "code": "HVS",
        "uic": "8400322",
        "name_short": "Hilversum",
        "name_medium": "Hilversum",
        "name_long": "Hilversum",
        "slug": "hilversum",
        "country": "NL",
        "type": "knooppuntIntercitystation",
        "name": "Hilversum",
        "latitude": 52.225833892822,
        "longitude": 5.1819443702698
      }
    },
    {
      "type": "Feature",
      "geometry": {
        "type": "Point",
        "coordinates": [
          5.1738886833191,
          52.238056182861
        ]
      },
      "properties": {
        "id": "722",
        "code": "HVSM",
        "uic": "8400324",
        "name_short": "Media Park",
        "name_medium": "Media Park",
        "name_long": "Hilversum Media Park",
        "slug": "hilversum-media-park",
        "country": "NL",
        "type": "stoptreinstation",
        "name": "Hilversum Media Park",
        "latitude": 52.238056182861,
        "longitude": 5.1738886833191
      }
    },
    {
      "type": "Feature",
      "geometry": {
        "type": "Point",
        "coordinates": [
          5.1872220039368,
          52.216110229492
        ]
      },
      "properties": {
        "id": "273",
        "code": "HVSP",
        "uic": "8400570",
        "name_short": "Sportpark",
        "name_medium": "Sportpark",
        "name_long": "Hilversum Sportpark",
        "slug": "hilversum-sportpark",
        "country": "NL",
        "type": "stoptreinstation",
        "name": "Hilversum Sportpark",
        "latitude": 52.216110229492,
        "longitude": 5.1872220039368
      }
    },
    {
      "type": "Feature",
      "geometry": {
        "type": "Point",
        "coordinates": [
          5.423063,
          52.9464903
        ]
      },
      "properties": {
        "id": "255",
        "code": "HNP",
        "uic": "8400323",
        "name_short": "Hindeloopn",
        "name_medium": "Hindeloopen",
        "name_long": "Hindeloopen",
        "slug": "hindeloopen",
        "country": "NL",
        "type": "stoptreinstation",
        "name": "Hindeloopen",
        "latitude": 52.9464903,
        "longitude": 5.423063
      }
    },
    {
      "type": "Feature",
      "geometry": {
        "type": "Point",
        "coordinates": [
          5.9305553436279,
          50.905555725098
        ]
      },
      "properties": {
        "id": "224",
        "code": "HB",
        "uic": "8400326",
        "name_short": "Hoensbroek",
        "name_medium": "Hoensbroek",
        "name_long": "Hoensbroek",
        "slug": "hoensbroek",
        "country": "NL",
        "type": "stoptreinstation",
        "name": "Hoensbroek",
        "latitude": 50.905555725098,
        "longitude": 5.9305553436279
      }
    },
    {
      "type": "Feature",
      "geometry": {
        "type": "Point",
        "coordinates": [
          5.45718,
          52.16652
        ]
      },
      "properties": {
        "id": "687",
        "code": "HVL",
        "uic": "8400490",
        "name_short": "Hoevelaken",
        "name_medium": "Hoevelaken",
        "name_long": "Hoevelaken",
        "slug": "hoevelaken",
        "country": "NL",
        "type": "stoptreinstation",
        "name": "Hoevelaken",
        "latitude": 52.16652,
        "longitude": 5.45718
      }
    },
    {
      "type": "Feature",
      "geometry": {
        "type": "Point",
        "coordinates": [
          5.1791667938232,
          52.17777633667
        ]
      },
      "properties": {
        "id": "259",
        "code": "HOR",
        "uic": "8400327",
        "name_short": "Hol Rading",
        "name_medium": "Holl. Rading",
        "name_long": "Hollandsche Rading",
        "slug": "hollandsche-rading",
        "country": "NL",
        "type": "stoptreinstation",
        "name": "Hollandsche Rading",
        "latitude": 52.17777633667,
        "longitude": 5.1791667938232
      }
    },
    {
      "type": "Feature",
      "geometry": {
        "type": "Point",
        "coordinates": [
          6.42027759552,
          52.283889770508
        ]
      },
      "properties": {
        "id": "258",
        "code": "HON",
        "uic": "8400328",
        "name_short": "Holten",
        "name_medium": "Holten",
        "name_long": "Holten",
        "slug": "holten",
        "country": "NL",
        "type": "stoptreinstation",
        "name": "Holten",
        "latitude": 52.283889770508,
        "longitude": 6.42027759552
      }
    },
    {
      "type": "Feature",
      "geometry": {
        "type": "Point",
        "coordinates": [
          4.7005553245544,
          52.293334960938
        ]
      },
      "properties": {
        "id": "232",
        "code": "HFD",
        "uic": "8400332",
        "name_short": "Hoofddorp",
        "name_medium": "Hoofddorp",
        "name_long": "Hoofddorp",
        "slug": "hoofddorp",
        "country": "NL",
        "type": "stoptreinstation",
        "name": "Hoofddorp",
        "latitude": 52.293334960938,
        "longitude": 4.7005553245544
      }
    },
    {
      "type": "Feature",
      "geometry": {
        "type": "Point",
        "coordinates": [
          6.4736108779907,
          52.733890533447
        ]
      },
      "properties": {
        "id": "235",
        "code": "HGV",
        "uic": "8400330",
        "name_short": "Hoogeveen",
        "name_medium": "Hoogeveen",
        "name_long": "Hoogeveen",
        "slug": "hoogeveen",
        "country": "NL",
        "type": "stoptreinstation",
        "name": "Hoogeveen",
        "latitude": 52.733890533447,
        "longitude": 6.4736108779907
      }
    },
    {
      "type": "Feature",
      "geometry": {
        "type": "Point",
        "coordinates": [
          6.7707538604736,
          53.159818131676
        ]
      },
      "properties": {
        "id": "236",
        "code": "HGZ",
        "uic": "8400331",
        "name_short": "Hoogezand",
        "name_medium": "Hoogezand-Sap.",
        "name_long": "Hoogezand-Sappemeer",
        "slug": "hoogezand-sappemeer",
        "country": "NL",
        "type": "knooppuntStoptreinstation",
        "name": "Hoogezand-Sappemeer",
        "latitude": 53.159818131676,
        "longitude": 6.7707538604736
      }
    },
    {
      "type": "Feature",
      "geometry": {
        "type": "Point",
        "coordinates": [
          5.1838889122009,
          52.69055557251
        ]
      },
      "properties": {
        "id": "239",
        "code": "HKS",
        "uic": "8400334",
        "name_short": "Hoogkrspl",
        "name_medium": "Hoogkarspel",
        "name_long": "Hoogkarspel",
        "slug": "hoogkarspel",
        "country": "NL",
        "type": "stoptreinstation",
        "name": "Hoogkarspel",
        "latitude": 52.69055557251,
        "longitude": 5.1838889122009
      }
    },
    {
      "type": "Feature",
      "geometry": {
        "type": "Point",
        "coordinates": [
          5.0555553436279,
          52.644721984863
        ]
      },
      "properties": {
        "id": "252",
        "code": "HN",
        "uic": "8400337",
        "name_short": "Hoorn",
        "name_medium": "Hoorn",
        "name_long": "Hoorn",
        "slug": "hoorn",
        "country": "NL",
        "type": "knooppuntIntercitystation",
        "name": "Hoorn",
        "latitude": 52.644721984863,
        "longitude": 5.0555553436279
      }
    },
    {
      "type": "Feature",
      "geometry": {
        "type": "Point",
        "coordinates": [
          5.0855555534363,
          52.653610229492
        ]
      },
      "properties": {
        "id": "253",
        "code": "HNK",
        "uic": "8400336",
        "name_short": "Hoorn Kers",
        "name_medium": "Kersenboogerd",
        "name_long": "Hoorn Kersenboogerd",
        "slug": "hoorn-kersenboogerd",
        "country": "NL",
        "type": "stoptreinstation",
        "name": "Hoorn Kersenboogerd",
        "latitude": 52.653610229492,
        "longitude": 5.0855555534363
      }
    },
    {
      "type": "Feature",
      "geometry": {
        "type": "Point",
        "coordinates": [
          6.0422220230103,
          51.426387786865
        ]
      },
      "properties": {
        "id": "265",
        "code": "HRT",
        "uic": "8400339",
        "name_short": "Horst-Sev",
        "name_medium": "Horst-Sevenum",
        "name_long": "Horst-Sevenum",
        "slug": "horst-sevenum",
        "country": "NL",
        "type": "stoptreinstation",
        "name": "Horst-Sevenum",
        "latitude": 51.426387786865,
        "longitude": 6.0422220230103
      }
    },
    {
      "type": "Feature",
      "geometry": {
        "type": "Point",
        "coordinates": [
          5.16821,
          52.03402
        ]
      },
      "properties": {
        "id": "267",
        "code": "HTN",
        "uic": "8400340",
        "name_short": "Houten",
        "name_medium": "Houten",
        "name_long": "Houten",
        "slug": "houten",
        "country": "NL",
        "type": "knooppuntStoptreinstation",
        "name": "Houten",
        "latitude": 52.03402,
        "longitude": 5.16821
      }
    },
    {
      "type": "Feature",
      "geometry": {
        "type": "Point",
        "coordinates": [
          5.17949,
          52.01701
        ]
      },
      "properties": {
        "id": "268",
        "code": "HTNC",
        "uic": "8400335",
        "name_short": "Castellum",
        "name_medium": "Castellum",
        "name_long": "Houten Castellum",
        "slug": "houten-castellum",
        "country": "NL",
        "type": "stoptreinstation",
        "name": "Houten Castellum",
        "latitude": 52.01701,
        "longitude": 5.17949
      }
    },
    {
      "type": "Feature",
      "geometry": {
        "type": "Point",
        "coordinates": [
          5.7972221374512,
          50.873332977295
        ]
      },
      "properties": {
        "id": "426",
        "code": "SGL",
        "uic": "8400341",
        "name_short": "Houthem-St",
        "name_medium": "Houthem-St Gerl.",
        "name_long": "Houthem-St. Gerlach",
        "slug": "houthem-st-gerlach",
        "country": "NL",
        "type": "stoptreinstation",
        "name": "Houthem-St. Gerlach",
        "latitude": 50.873332977295,
        "longitude": 5.7972221374512
      }
    },
    {
      "type": "Feature",
      "geometry": {
        "type": "Point",
        "coordinates": [
          5.934543,
          53.2187783
        ]
      },
      "properties": {
        "id": "228",
        "code": "HDG",
        "uic": "8400292",
        "name_short": "Hurdegaryp",
        "name_medium": "Hurdegaryp",
        "name_long": "Hurdegaryp",
        "slug": "hurdegaryp",
        "country": "NL",
        "type": "stoptreinstation",
        "name": "Hurdegaryp",
        "latitude": 53.2187783,
        "longitude": 5.934543
      }
    },
    {
      "type": "Feature",
      "geometry": {
        "type": "Point",
        "coordinates": [
          5.6160801,
          53.0146614
        ]
      },
      "properties": {
        "id": "277",
        "code": "IJT",
        "uic": "8400722",
        "name_short": "IJlst",
        "name_medium": "IJlst",
        "name_long": "IJlst",
        "slug": "ijlst",
        "country": "NL",
        "type": "stoptreinstation",
        "name": "IJlst",
        "latitude": 53.0146614,
        "longitude": 5.6160801
      }
    },
    {
      "type": "Feature",
      "geometry": {
        "type": "Point",
        "coordinates": [
          5.9216666221619,
          52.559722900391
        ]
      },
      "properties": {
        "id": "294",
        "code": "KPN",
        "uic": "8400353",
        "name_short": "Kampen",
        "name_medium": "Kampen",
        "name_long": "Kampen",
        "slug": "kampen",
        "country": "NL",
        "type": "stoptreinstation",
        "name": "Kampen",
        "latitude": 52.559722900391,
        "longitude": 5.9216666221619
      }
    },
    {
      "type": "Feature",
      "geometry": {
        "type": "Point",
        "coordinates": [
          5.91309,
          52.5331
        ]
      },
      "properties": {
        "id": "688",
        "code": "KPNZ",
        "uic": "8400360",
        "name_short": "Kampen Z",
        "name_medium": "Kampen Zuid",
        "name_long": "Kampen Zuid",
        "slug": "kampen-zuid",
        "country": "NL",
        "type": "stoptreinstation",
        "name": "Kampen Zuid",
        "latitude": 52.5331,
        "longitude": 5.91309
      }
    },
    {
      "type": "Feature",
      "geometry": {
        "type": "Point",
        "coordinates": [
          3.9561111927033,
          51.480834960938
        ]
      },
      "properties": {
        "id": "112",
        "code": "BZL",
        "uic": "8400354",
        "name_short": "Kapelle-Bi",
        "name_medium": "Kapelle-Biezel.",
        "name_long": "Kapelle-Biezelinge",
        "slug": "kapelle-biezelinge",
        "country": "NL",
        "type": "stoptreinstation",
        "name": "Kapelle-Biezelinge",
        "latitude": 51.480834960938,
        "longitude": 3.9561111927033
      }
    },
    {
      "type": "Feature",
      "geometry": {
        "type": "Point",
        "coordinates": [
          6.0574998855591,
          50.861667633057
        ]
      },
      "properties": {
        "id": "295",
        "code": "KRD",
        "uic": "8400355",
        "name_short": "Kerkrade C",
        "name_medium": "Kerkrade C.",
        "name_long": "Kerkrade Centrum",
        "slug": "kerkrade-centrum",
        "country": "NL",
        "type": "knooppuntStoptreinstation",
        "name": "Kerkrade Centrum",
        "latitude": 50.861667633057,
        "longitude": 6.0574998855591
      }
    },
    {
      "type": "Feature",
      "geometry": {
        "type": "Point",
        "coordinates": [
          5.5833465,
          51.9313869
        ]
      },
      "properties": {
        "id": "299",
        "code": "KTR",
        "uic": "8400359",
        "name_short": "Kesteren",
        "name_medium": "Kesteren",
        "name_long": "Kesteren",
        "slug": "kesteren",
        "country": "NL",
        "type": "stoptreinstation",
        "name": "Kesteren",
        "latitude": 51.9313869,
        "longitude": 5.5833465
      }
    },
    {
      "type": "Feature",
      "geometry": {
        "type": "Point",
        "coordinates": [
          6.0836110115051,
          52.17805480957
        ]
      },
      "properties": {
        "id": "282",
        "code": "KBK",
        "uic": "8400361",
        "name_short": "Klarenbk",
        "name_medium": "Klarenbeek",
        "name_long": "Klarenbeek",
        "slug": "klarenbeek",
        "country": "NL",
        "type": "stoptreinstation",
        "name": "Klarenbeek",
        "latitude": 52.17805480957,
        "longitude": 6.0836110115051
      }
    },
    {
      "type": "Feature",
      "geometry": {
        "type": "Point",
        "coordinates": [
          5.8905553817749,
          50.866390228271
        ]
      },
      "properties": {
        "id": "287",
        "code": "KMR",
        "uic": "8400362",
        "name_short": "Klimmen-R",
        "name_medium": "Klimmen-Ransdaal",
        "name_long": "Klimmen-Ransdaal",
        "slug": "klimmen-ransdaal",
        "country": "NL",
        "type": "stoptreinstation",
        "name": "Klimmen-Ransdaal",
        "latitude": 50.866390228271,
        "longitude": 5.8905553817749
      }
    },
    {
      "type": "Feature",
      "geometry": {
        "type": "Point",
        "coordinates": [
          4.8055553436279,
          52.458610534668
        ]
      },
      "properties": {
        "id": "802",
        "code": "KZ",
        "uic": "8400363",
        "name_short": "Koog Zaan",
        "name_medium": "Koog a.d. Zaan",
        "name_long": "Koog aan de Zaan",
        "slug": "koog-aan-de-zaan",
        "country": "NL",
        "type": "stoptreinstation",
        "name": "Koog aan de Zaan",
        "latitude": 52.458610534668,
        "longitude": 4.8055553436279
      }
    },
    {
      "type": "Feature",
      "geometry": {
        "type": "Point",
        "coordinates": [
          5.4106913,
          52.9028197
        ]
      },
      "properties": {
        "id": "288",
        "code": "KMW",
        "uic": "8400366",
        "name_short": "Koudum-M",
        "name_medium": "Koudum-Molkwerum",
        "name_long": "Koudum-Molkwerum",
        "slug": "koudum-molkwerum",
        "country": "NL",
        "type": "stoptreinstation",
        "name": "Koudum-Molkwerum",
        "latitude": 52.9028197,
        "longitude": 5.4106913
      }
    },
    {
      "type": "Feature",
      "geometry": {
        "type": "Point",
        "coordinates": [
          4.1169443130493,
          51.433334350586
        ]
      },
      "properties": {
        "id": "281",
        "code": "KBD",
        "uic": "8400367",
        "name_short": "Krabbendke",
        "name_medium": "Krabbendijke",
        "name_long": "Krabbendijke",
        "slug": "krabbendijke",
        "country": "NL",
        "type": "stoptreinstation",
        "name": "Krabbendijke",
        "latitude": 51.433334350586,
        "longitude": 4.1169443130493
      }
    },
    {
      "type": "Feature",
      "geometry": {
        "type": "Point",
        "coordinates": [
          4.75417,
          52.49511
        ]
      },
      "properties": {
        "id": "286",
        "code": "KMA",
        "uic": "8400368",
        "name_short": "Krommenie",
        "name_medium": "Krommenie-Ass.",
        "name_long": "Krommenie-Assendelft",
        "slug": "krommenie-assendelft",
        "country": "NL",
        "type": "stoptreinstation",
        "name": "Krommenie-Assendelft",
        "latitude": 52.49511,
        "longitude": 4.75417
      }
    },
    {
      "type": "Feature",
      "geometry": {
        "type": "Point",
        "coordinates": [
          6.7220882,
          53.1617362
        ]
      },
      "properties": {
        "id": "300",
        "code": "KW",
        "uic": "8400369",
        "name_short": "Kropswolde",
        "name_medium": "Kropswolde",
        "name_long": "Kropswolde",
        "slug": "kropswolde",
        "country": "NL",
        "type": "stoptreinstation",
        "name": "Kropswolde",
        "latitude": 53.1617362,
        "longitude": 6.7220882
      }
    },
    {
      "type": "Feature",
      "geometry": {
        "type": "Point",
        "coordinates": [
          4.0372223854065,
          51.465000152588
        ]
      },
      "properties": {
        "id": "297",
        "code": "KRG",
        "uic": "8400370",
        "name_short": "Kruiningen",
        "name_medium": "Kruiningen-Y.",
        "name_long": "Kruiningen-Yerseke",
        "slug": "kruiningen-yerseke",
        "country": "NL",
        "type": "stoptreinstation",
        "name": "Kruiningen-Yerseke",
        "latitude": 51.465000152588,
        "longitude": 4.0372223854065
      }
    },
    {
      "type": "Feature",
      "geometry": {
        "type": "Point",
        "coordinates": [
          4.6630554199219,
          51.69111251831
        ]
      },
      "properties": {
        "id": "533",
        "code": "ZLW",
        "uic": "8400382",
        "name_short": "Lage Zwalu",
        "name_medium": "Lage Zwaluwe",
        "name_long": "Lage Zwaluwe",
        "slug": "lage-zwaluwe",
        "country": "NL",
        "type": "knooppuntStoptreinstation",
        "name": "Lage Zwaluwe",
        "latitude": 51.69111251831,
        "longitude": 4.6630554199219
      }
    },
    {
      "type": "Feature",
      "geometry": {
        "type": "Point",
        "coordinates": [
          6.019166469574,
          50.896389007568
        ]
      },
      "properties": {
        "id": "312",
        "code": "LG",
        "uic": "8400548",
        "name_short": "Landgraaf",
        "name_medium": "Landgraaf",
        "name_long": "Landgraaf",
        "slug": "landgraaf",
        "country": "NL",
        "type": "knooppuntStoptreinstation",
        "name": "Landgraaf",
        "latitude": 50.896389007568,
        "longitude": 6.019166469574
      }
    },
    {
      "type": "Feature",
      "geometry": {
        "type": "Point",
        "coordinates": [
          4.517222,
          52.042222
        ]
      },
      "properties": {
        "id": "820",
        "code": "LLZM",
        "uic": "8400135",
        "name_short": "Lansingerl",
        "name_medium": "Lansingerland",
        "name_long": "Lansingerland-Zoetermeer",
        "slug": "lansingerland-zoetermeer",
        "country": "NL",
        "type": "stoptreinstation",
        "name": "Lansingerland-Zoetermeer",
        "latitude": 52.042222,
        "longitude": 4.517222
      }
    },
    {
      "type": "Feature",
      "geometry": {
        "type": "Point",
        "coordinates": [
          5.0913887023926,
          51.894721984863
        ]
      },
      "properties": {
        "id": "307",
        "code": "LDM",
        "uic": "8400386",
        "name_short": "Leerdam",
        "name_medium": "Leerdam",
        "name_long": "Leerdam",
        "slug": "leerdam",
        "country": "NL",
        "type": "stoptreinstation",
        "name": "Leerdam",
        "latitude": 51.894721984863,
        "longitude": 5.0913887023926
      }
    },
    {
      "type": "Feature",
      "geometry": {
        "type": "Point",
        "coordinates": [
          5.7922220230103,
          53.195835113525
        ]
      },
      "properties": {
        "id": "321",
        "code": "LW",
        "uic": "8400387",
        "name_short": "Leeuwarden",
        "name_medium": "Leeuwarden",
        "name_long": "Leeuwarden",
        "slug": "leeuwarden",
        "country": "NL",
        "type": "knooppuntIntercitystation",
        "name": "Leeuwarden",
        "latitude": 53.195835113525,
        "longitude": 5.7922220230103
      }
    },
    {
      "type": "Feature",
      "geometry": {
        "type": "Point",
        "coordinates": [
          5.8422968,
          53.2021808
        ]
      },
      "properties": {
        "id": "322",
        "code": "LWC",
        "uic": "8400389",
        "name_short": "Camminghab",
        "name_medium": "Camminghaburen",
        "name_long": "Leeuwarden Camminghaburen",
        "slug": "leeuwarden-camminghaburen",
        "country": "NL",
        "type": "stoptreinstation",
        "name": "Leeuwarden Camminghaburen",
        "latitude": 53.2021808,
        "longitude": 5.8422968
      }
    },
    {
      "type": "Feature",
      "geometry": {
        "type": "Point",
        "coordinates": [
          4.4816665649414,
          52.166110992432
        ]
      },
      "properties": {
        "id": "308",
        "code": "LEDN",
        "uic": "8400390",
        "name_short": "Leiden C",
        "name_medium": "Leiden C.",
        "name_long": "Leiden Centraal",
        "slug": "leiden-centraal",
        "country": "NL",
        "type": "knooppuntIntercitystation",
        "name": "Leiden Centraal",
        "latitude": 52.166110992432,
        "longitude": 4.4816665649414
      }
    },
    {
      "type": "Feature",
      "geometry": {
        "type": "Point",
        "coordinates": [
          4.4924998283386,
          52.146945953369
        ]
      },
      "properties": {
        "id": "306",
        "code": "LDL",
        "uic": "8400384",
        "name_short": "Leiden Lam",
        "name_medium": "Lammenschans",
        "name_long": "Leiden Lammenschans",
        "slug": "leiden-lammenschans",
        "country": "NL",
        "type": "stoptreinstation",
        "name": "Leiden Lammenschans",
        "latitude": 52.146945953369,
        "longitude": 4.4924998283386
      }
    },
    {
      "type": "Feature",
      "geometry": {
        "type": "Point",
        "coordinates": [
          5.4727778434753,
          52.507778167725
        ]
      },
      "properties": {
        "id": "313",
        "code": "LLS",
        "uic": "8400394",
        "name_short": "Lelystad C",
        "name_medium": "Lelystad C.",
        "name_long": "Lelystad Centrum",
        "slug": "lelystad-centrum",
        "country": "NL",
        "type": "knooppuntIntercitystation",
        "name": "Lelystad Centrum",
        "latitude": 52.507778167725,
        "longitude": 5.4727778434753
      }
    },
    {
      "type": "Feature",
      "geometry": {
        "type": "Point",
        "coordinates": [
          6.59641,
          52.01188
        ]
      },
      "properties": {
        "id": "316",
        "code": "LTV",
        "uic": "8400395",
        "name_short": "Lichtenv-G",
        "name_medium": "Lichtenvoorde-G.",
        "name_long": "Lichtenvoorde-Groenlo",
        "slug": "lichtenvoorde-groenlo",
        "country": "NL",
        "type": "stoptreinstation",
        "name": "Lichtenvoorde-Groenlo",
        "latitude": 52.01188,
        "longitude": 6.59641
      }
    },
    {
      "type": "Feature",
      "geometry": {
        "type": "Point",
        "coordinates": [
          6.4263887405395,
          52.166667938232
        ]
      },
      "properties": {
        "id": "304",
        "code": "LC",
        "uic": "8400399",
        "name_short": "Lochem",
        "name_medium": "Lochem",
        "name_long": "Lochem",
        "slug": "lochem",
        "country": "NL",
        "type": "stoptreinstation",
        "name": "Lochem",
        "latitude": 52.166667938232,
        "longitude": 6.4263887405395
      }
    },
    {
      "type": "Feature",
      "geometry": {
        "type": "Point",
        "coordinates": [
          6.7472625,
          53.3347145
        ]
      },
      "properties": {
        "id": "314",
        "code": "LP",
        "uic": "8400403",
        "name_short": "Loppersum",
        "name_medium": "Loppersum",
        "name_long": "Loppersum",
        "slug": "loppersum",
        "country": "NL",
        "type": "stoptreinstation",
        "name": "Loppersum",
        "latitude": 53.3347145,
        "longitude": 6.7472625
      }
    },
    {
      "type": "Feature",
      "geometry": {
        "type": "Point",
        "coordinates": [
          5.6244444847107,
          52.085277557373
        ]
      },
      "properties": {
        "id": "315",
        "code": "LTN",
        "uic": "8400405",
        "name_short": "Lunteren",
        "name_medium": "Lunteren",
        "name_long": "Lunteren",
        "slug": "lunteren",
        "country": "NL",
        "type": "stoptreinstation",
        "name": "Lunteren",
        "latitude": 52.085277557373,
        "longitude": 5.6244444847107
      }
    },
    {
      "type": "Feature",
      "geometry": {
        "type": "Point",
        "coordinates": [
          5.629796,
          51.304986
        ]
      },
      "properties": {
        "id": "348",
        "code": "MZ",
        "uic": "8400432",
        "name_short": "Maarheeze",
        "name_medium": "Maarheeze",
        "name_long": "Maarheeze",
        "slug": "maarheeze",
        "country": "NL",
        "type": "stoptreinstation",
        "name": "Maarheeze",
        "latitude": 51.304986,
        "longitude": 5.629796
      }
    },
    {
      "type": "Feature",
      "geometry": {
        "type": "Point",
        "coordinates": [
          5.3699998855591,
          52.064167022705
        ]
      },
      "properties": {
        "id": "339",
        "code": "MRN",
        "uic": "8400417",
        "name_short": "Maarn",
        "name_medium": "Maarn",
        "name_long": "Maarn",
        "slug": "maarn",
        "country": "NL",
        "type": "knooppuntStoptreinstation",
        "name": "Maarn",
        "latitude": 52.064167022705,
        "longitude": 5.3699998855591
      }
    },
    {
      "type": "Feature",
      "geometry": {
        "type": "Point",
        "coordinates": [
          5.0336112976074,
          52.135276794434
        ]
      },
      "properties": {
        "id": "327",
        "code": "MAS",
        "uic": "8400419",
        "name_short": "Maarssen",
        "name_medium": "Maarssen",
        "name_long": "Maarssen",
        "slug": "maarssen",
        "country": "NL",
        "type": "stoptreinstation",
        "name": "Maarssen",
        "latitude": 52.135276794434,
        "longitude": 5.0336112976074
      }
    },
    {
      "type": "Feature",
      "geometry": {
        "type": "Point",
        "coordinates": [
          5.7055554389954,
          50.850276947021
        ]
      },
      "properties": {
        "id": "342",
        "code": "MT",
        "uic": "8400424",
        "name_short": "Maastricht",
        "name_medium": "Maastricht",
        "name_long": "Maastricht",
        "slug": "maastricht",
        "country": "NL",
        "type": "knooppuntIntercitystation",
        "name": "Maastricht",
        "latitude": 50.850276947021,
        "longitude": 5.7055554389954
      }
    },
    {
      "type": "Feature",
      "geometry": {
        "type": "Point",
        "coordinates": [
          5.71774,
          50.87087
        ]
      },
      "properties": {
        "id": "723",
        "code": "MTN",
        "uic": "8400449",
        "name_short": "Maastr. N",
        "name_medium": "Maastricht Noord",
        "name_long": "Maastricht Noord",
        "slug": "maastricht-noord",
        "country": "NL",
        "type": "stoptreinstation",
        "name": "Maastricht Noord",
        "latitude": 50.87087,
        "longitude": 5.71774
      }
    },
    {
      "type": "Feature",
      "geometry": {
        "type": "Point",
        "coordinates": [
          5.7172222137451,
          50.838611602783
        ]
      },
      "properties": {
        "id": "344",
        "code": "MTR",
        "uic": "8400426",
        "name_short": "Brightlands",
        "name_medium": "Brightlands",
        "name_long": "Maastricht Brightlands",
        "slug": "maastricht-Brightlands",
        "country": "NL",
        "type": "knooppuntStoptreinstation",
        "name": "Maastricht Brightlands",
        "latitude": 50.838611602783,
        "longitude": 5.7172222137451
      }
    },
    {
      "type": "Feature",
      "geometry": {
        "type": "Point",
        "coordinates": [
          5.7131996,
          53.1296368
        ]
      },
      "properties": {
        "id": "333",
        "code": "MG",
        "uic": "8400427",
        "name_short": "Mantgum",
        "name_medium": "Mantgum",
        "name_long": "Mantgum",
        "slug": "mantgum",
        "country": "NL",
        "type": "stoptreinstation",
        "name": "Mantgum",
        "latitude": 53.1296368,
        "longitude": 5.7131996
      }
    },
    {
      "type": "Feature",
      "geometry": {
        "type": "Point",
        "coordinates": [
          6.5752778053284,
          52.50944519043
        ]
      },
      "properties": {
        "id": "338",
        "code": "MRB",
        "uic": "8400428",
        "name_short": "Mariënberg",
        "name_medium": "Mariënberg",
        "name_long": "Mariënberg",
        "slug": "marienberg",
        "country": "NL",
        "type": "knooppuntSneltreinstation",
        "name": "Mariënberg",
        "latitude": 52.50944519043,
        "longitude": 6.5752778053284
      }
    },
    {
      "type": "Feature",
      "geometry": {
        "type": "Point",
        "coordinates": [
          6.7402989,
          53.1607232
        ]
      },
      "properties": {
        "id": "343",
        "code": "MTH",
        "uic": "8400430",
        "name_short": "Martenshk",
        "name_medium": "Martenshoek",
        "name_long": "Martenshoek",
        "slug": "martenshoek",
        "country": "NL",
        "type": "stoptreinstation",
        "name": "Martenshoek",
        "latitude": 53.1607232,
        "longitude": 6.7402989
      }
    },
    {
      "type": "Feature",
      "geometry": {
        "type": "Point",
        "coordinates": [
          5.7509994506836,
          50.882879392551
        ]
      },
      "properties": {
        "id": "331",
        "code": "MES",
        "uic": "8400434",
        "name_short": "Meerssen",
        "name_medium": "Meerssen",
        "name_long": "Meerssen",
        "slug": "meerssen",
        "country": "NL",
        "type": "sneltreinstation",
        "name": "Meerssen",
        "latitude": 50.882879392551,
        "longitude": 5.7509994506836
      }
    },
    {
      "type": "Feature",
      "geometry": {
        "type": "Point",
        "coordinates": [
          6.1975002288818,
          52.69083404541
        ]
      },
      "properties": {
        "id": "337",
        "code": "MP",
        "uic": "8400435",
        "name_short": "Meppel",
        "name_medium": "Meppel",
        "name_long": "Meppel",
        "slug": "meppel",
        "country": "NL",
        "type": "knooppuntStoptreinstation",
        "name": "Meppel",
        "latitude": 52.69083404541,
        "longitude": 6.1975002288818
      }
    },
    {
      "type": "Feature",
      "geometry": {
        "type": "Point",
        "coordinates": [
          3.6172223091126,
          51.494720458984
        ]
      },
      "properties": {
        "id": "329",
        "code": "MDB",
        "uic": "8400436",
        "name_short": "Middelburg",
        "name_medium": "Middelburg",
        "name_long": "Middelburg",
        "slug": "middelburg",
        "country": "NL",
        "type": "stoptreinstation",
        "name": "Middelburg",
        "latitude": 51.494720458984,
        "longitude": 3.6172223091126
      }
    },
    {
      "type": "Feature",
      "geometry": {
        "type": "Point",
        "coordinates": [
          5.879133,
          51.766262
        ]
      },
      "properties": {
        "id": "335",
        "code": "MMLH",
        "uic": "8400446",
        "name_short": "Mook-Molen",
        "name_medium": "Molenhoek",
        "name_long": "Mook-Molenhoek",
        "slug": "mook-molenhoek",
        "country": "NL",
        "type": "stoptreinstation",
        "name": "Mook-Molenhoek",
        "latitude": 51.766262,
        "longitude": 5.879133
      }
    },
    {
      "type": "Feature",
      "geometry": {
        "type": "Point",
        "coordinates": [
          5.1569442749023,
          52.280277252197
        ]
      },
      "properties": {
        "id": "350",
        "code": "NDB",
        "uic": "8400452",
        "name_short": "Naarden-Bu",
        "name_medium": "Naarden-Bussum",
        "name_long": "Naarden-Bussum",
        "slug": "naarden-bussum",
        "country": "NL",
        "type": "knooppuntStoptreinstation",
        "name": "Naarden-Bussum",
        "latitude": 52.280277252197,
        "longitude": 5.1569442749023
      }
    },
    {
      "type": "Feature",
      "geometry": {
        "type": "Point",
        "coordinates": [
          6.8486108779907,
          52.718612670898
        ]
      },
      "properties": {
        "id": "349",
        "code": "NA",
        "uic": "8400454",
        "name_short": "Nw A'dam",
        "name_medium": "Nw. Amsterdam",
        "name_long": "Nieuw Amsterdam",
        "slug": "nieuw-amsterdam",
        "country": "NL",
        "type": "sneltreinstation",
        "name": "Nieuw Amsterdam",
        "latitude": 52.718612670898,
        "longitude": 6.8486108779907
      }
    },
    {
      "type": "Feature",
      "geometry": {
        "type": "Point",
        "coordinates": [
          4.6455554962158,
          52.258888244629
        ]
      },
      "properties": {
        "id": "364",
        "code": "NVP",
        "uic": "8400460",
        "name_short": "Nw Vennep",
        "name_medium": "Nieuw Vennep",
        "name_long": "Nieuw Vennep",
        "slug": "nieuw-vennep",
        "country": "NL",
        "type": "stoptreinstation",
        "name": "Nieuw Vennep",
        "latitude": 52.258888244629,
        "longitude": 4.6455554962158
      }
    },
    {
      "type": "Feature",
      "geometry": {
        "type": "Point",
        "coordinates": [
          4.6169443130493,
          51.965278625488
        ]
      },
      "properties": {
        "id": "365",
        "code": "NWK",
        "uic": "8400455",
        "name_short": "Nieuwerkrk",
        "name_medium": "Nieuwerkerk",
        "name_long": "Nieuwerkerk a/d IJssel",
        "slug": "nieuwerkerk-a-d-ijssel",
        "country": "NL",
        "type": "stoptreinstation",
        "name": "Nieuwerkerk a/d IJssel",
        "latitude": 51.965278625488,
        "longitude": 4.6169443130493
      }
    },
    {
      "type": "Feature",
      "geometry": {
        "type": "Point",
        "coordinates": [
          5.4938888549805,
          52.222221374512
        ]
      },
      "properties": {
        "id": "354",
        "code": "NKK",
        "uic": "8400469",
        "name_short": "Nijkerk",
        "name_medium": "Nijkerk",
        "name_long": "Nijkerk",
        "slug": "nijkerk",
        "country": "NL",
        "type": "stoptreinstation",
        "name": "Nijkerk",
        "latitude": 52.222221374512,
        "longitude": 5.4938888549805
      }
    },
    {
      "type": "Feature",
      "geometry": {
        "type": "Point",
        "coordinates": [
          5.8522224426269,
          51.843612670898
        ]
      },
      "properties": {
        "id": "355",
        "code": "NM",
        "uic": "8400470",
        "name_short": "Nijmegen",
        "name_medium": "Nijmegen",
        "name_long": "Nijmegen",
        "slug": "nijmegen",
        "country": "NL",
        "type": "knooppuntIntercitystation",
        "name": "Nijmegen",
        "latitude": 51.843612670898,
        "longitude": 5.8522224426269
      }
    },
    {
      "type": "Feature",
      "geometry": {
        "type": "Point",
        "coordinates": [
          5.7955555915833,
          51.824165344238
        ]
      },
      "properties": {
        "id": "356",
        "code": "NMD",
        "uic": "8400475",
        "name_short": "Dukenburg",
        "name_medium": "Dukenburg",
        "name_long": "Nijmegen Dukenburg",
        "slug": "nijmegen-dukenburg",
        "country": "NL",
        "type": "stoptreinstation",
        "name": "Nijmegen Dukenburg",
        "latitude": 51.824165344238,
        "longitude": 5.7955555915833
      }
    },
    {
      "type": "Feature",
      "geometry": {
        "type": "Point",
        "coordinates": [
          5.822722,
          51.8273
        ]
      },
      "properties": {
        "id": "762",
        "code": "NMGO",
        "uic": "8400477",
        "name_short": "Goffert",
        "name_medium": "Goffert",
        "name_long": "Nijmegen Goffert",
        "slug": "nijmegen-goffert",
        "country": "NL",
        "type": "stoptreinstation",
        "name": "Nijmegen Goffert",
        "latitude": 51.8273,
        "longitude": 5.822722
      }
    },
    {
      "type": "Feature",
      "geometry": {
        "type": "Point",
        "coordinates": [
          5.8674998283386,
          51.826946258545
        ]
      },
      "properties": {
        "id": "357",
        "code": "NMH",
        "uic": "8400468",
        "name_short": "Heyendaal",
        "name_medium": "Nm Heyendaal",
        "name_long": "Nijmegen Heyendaal",
        "slug": "nijmegen-heyendaal",
        "country": "NL",
        "type": "stoptreinstation",
        "name": "Nijmegen Heyendaal",
        "latitude": 51.826946258545,
        "longitude": 5.8674998283386
      }
    },
    {
      "type": "Feature",
      "geometry": {
        "type": "Point",
        "coordinates": [
          5.859625,
          51.863154
        ]
      },
      "properties": {
        "id": "358",
        "code": "NML",
        "uic": "8400451",
        "name_short": "Lent",
        "name_medium": "Lent",
        "name_long": "Nijmegen Lent",
        "slug": "nijmegen-lent",
        "country": "NL",
        "type": "stoptreinstation",
        "name": "Nijmegen Lent",
        "latitude": 51.863154,
        "longitude": 5.859625
      }
    },
    {
      "type": "Feature",
      "geometry": {
        "type": "Point",
        "coordinates": [
          6.462,
          52.366111
        ]
      },
      "properties": {
        "id": "362",
        "code": "NVD",
        "uic": "8400472",
        "name_short": "Nijverdal",
        "name_medium": "Nijverdal",
        "name_long": "Nijverdal",
        "slug": "nijverdal",
        "country": "NL",
        "type": "stoptreinstation",
        "name": "Nijverdal",
        "latitude": 52.366111,
        "longitude": 6.462
      }
    },
    {
      "type": "Feature",
      "geometry": {
        "type": "Point",
        "coordinates": [
          5.7852778434753,
          52.370834350586
        ]
      },
      "properties": {
        "id": "360",
        "code": "NS",
        "uic": "8400466",
        "name_short": "Nunspeet",
        "name_medium": "Nunspeet",
        "name_long": "Nunspeet",
        "slug": "nunspeet",
        "country": "NL",
        "type": "stoptreinstation",
        "name": "Nunspeet",
        "latitude": 52.370834350586,
        "longitude": 5.7852778434753
      }
    },
    {
      "type": "Feature",
      "geometry": {
        "type": "Point",
        "coordinates": [
          5.8927779197693,
          50.919445037842
        ]
      },
      "properties": {
        "id": "352",
        "code": "NH",
        "uic": "8400467",
        "name_short": "Nuth",
        "name_medium": "Nuth",
        "name_long": "Nuth",
        "slug": "nuth",
        "country": "NL",
        "type": "stoptreinstation",
        "name": "Nuth",
        "latitude": 50.919445037842,
        "longitude": 5.8927779197693
      }
    },
    {
      "type": "Feature",
      "geometry": {
        "type": "Point",
        "coordinates": [
          4.9072222709656,
          52.67805480957
        ]
      },
      "properties": {
        "id": "368",
        "code": "OBD",
        "uic": "8400480",
        "name_short": "Obdam",
        "name_medium": "Obdam",
        "name_long": "Obdam",
        "slug": "obdam",
        "country": "NL",
        "type": "stoptreinstation",
        "name": "Obdam",
        "latitude": 52.67805480957,
        "longitude": 4.9072222709656
      }
    },
    {
      "type": "Feature",
      "geometry": {
        "type": "Point",
        "coordinates": [
          5.1941666603088,
          51.582221984863
        ]
      },
      "properties": {
        "id": "380",
        "code": "OT",
        "uic": "8400482",
        "name_short": "Oisterwijk",
        "name_medium": "Oisterwijk",
        "name_long": "Oisterwijk",
        "slug": "oisterwijk",
        "country": "NL",
        "type": "stoptreinstation",
        "name": "Oisterwijk",
        "latitude": 51.582221984863,
        "longitude": 5.1941666603088
      }
    },
    {
      "type": "Feature",
      "geometry": {
        "type": "Point",
        "coordinates": [
          6.9347224235535,
          52.30638885498
        ]
      },
      "properties": {
        "id": "372",
        "code": "ODZ",
        "uic": "8400483",
        "name_short": "Oldenzaal",
        "name_medium": "Oldenzaal",
        "name_long": "Oldenzaal",
        "slug": "oldenzaal",
        "country": "NL",
        "type": "stoptreinstation",
        "name": "Oldenzaal",
        "latitude": 52.30638885498,
        "longitude": 6.9347224235535
      }
    },
    {
      "type": "Feature",
      "geometry": {
        "type": "Point",
        "coordinates": [
          6.1130557060242,
          52.334720611572
        ]
      },
      "properties": {
        "id": "379",
        "code": "OST",
        "uic": "8400486",
        "name_short": "Olst",
        "name_medium": "Olst",
        "name_long": "Olst",
        "slug": "olst",
        "country": "NL",
        "type": "intercitystation",
        "name": "Olst",
        "latitude": 52.334720611572,
        "longitude": 6.1130557060242
      }
    },
    {
      "type": "Feature",
      "geometry": {
        "type": "Point",
        "coordinates": [
          6.4158334732056,
          52.50944519043
        ]
      },
      "properties": {
        "id": "376",
        "code": "OMN",
        "uic": "8400487",
        "name_short": "Ommen",
        "name_medium": "Ommen",
        "name_long": "Ommen",
        "slug": "ommen",
        "country": "NL",
        "type": "knooppuntSneltreinstation",
        "name": "Ommen",
        "latitude": 52.50944519043,
        "longitude": 6.4158334732056
      }
    },
    {
      "type": "Feature",
      "geometry": {
        "type": "Point",
        "coordinates": [
          5.8400001525879,
          51.994998931885
        ]
      },
      "properties": {
        "id": "381",
        "code": "OTB",
        "uic": "8400489",
        "name_short": "Oosterbeek",
        "name_medium": "Oosterbeek",
        "name_long": "Oosterbeek",
        "slug": "oosterbeek",
        "country": "NL",
        "type": "stoptreinstation",
        "name": "Oosterbeek",
        "latitude": 51.994998931885,
        "longitude": 5.8400001525879
      }
    },
    {
      "type": "Feature",
      "geometry": {
        "type": "Point",
        "coordinates": [
          5.6371145,
          51.9261615
        ]
      },
      "properties": {
        "id": "377",
        "code": "OP",
        "uic": "8400494",
        "name_short": "Opheusden",
        "name_medium": "Opheusden",
        "name_long": "Opheusden",
        "slug": "opheusden",
        "country": "NL",
        "type": "stoptreinstation",
        "name": "Opheusden",
        "latitude": 51.9261615,
        "longitude": 5.6371145
      }
    },
    {
      "type": "Feature",
      "geometry": {
        "type": "Point",
        "coordinates": [
          5.5322222709656,
          51.765556335449
        ]
      },
      "properties": {
        "id": "367",
        "code": "O",
        "uic": "8400495",
        "name_short": "Oss",
        "name_medium": "Oss",
        "name_long": "Oss",
        "slug": "oss",
        "country": "NL",
        "type": "knooppuntIntercitystation",
        "name": "Oss",
        "latitude": 51.765556335449,
        "longitude": 5.5322222709656
      }
    },
    {
      "type": "Feature",
      "geometry": {
        "type": "Point",
        "coordinates": [
          5.5055556297302,
          51.758056640625
        ]
      },
      "properties": {
        "id": "383",
        "code": "OW",
        "uic": "8400496",
        "name_short": "Oss W",
        "name_medium": "Oss West",
        "name_long": "Oss West",
        "slug": "oss-west",
        "country": "NL",
        "type": "stoptreinstation",
        "name": "Oss West",
        "latitude": 51.758056640625,
        "longitude": 5.5055556297302
      }
    },
    {
      "type": "Feature",
      "geometry": {
        "type": "Point",
        "coordinates": [
          4.5333333015442,
          51.587776184082
        ]
      },
      "properties": {
        "id": "371",
        "code": "ODB",
        "uic": "8400498",
        "name_short": "Oudenbosch",
        "name_medium": "Oudenbosch",
        "name_long": "Oudenbosch",
        "slug": "oudenbosch",
        "country": "NL",
        "type": "stoptreinstation",
        "name": "Oudenbosch",
        "latitude": 51.587776184082,
        "longitude": 4.5333333015442
      }
    },
    {
      "type": "Feature",
      "geometry": {
        "type": "Point",
        "coordinates": [
          4.6061110496521,
          52.391109466553
        ]
      },
      "properties": {
        "id": "382",
        "code": "OVN",
        "uic": "8400501",
        "name_short": "Overveen",
        "name_medium": "Overveen",
        "name_long": "Overveen",
        "slug": "overveen",
        "country": "NL",
        "type": "stoptreinstation",
        "name": "Overveen",
        "latitude": 52.391109466553,
        "longitude": 4.6061110496521
      }
    },
    {
      "type": "Feature",
      "geometry": {
        "type": "Point",
        "coordinates": [
          4.9536108970642,
          52.50305557251
        ]
      },
      "properties": {
        "id": "388",
        "code": "PMR",
        "uic": "8400508",
        "name_short": "Purmerend",
        "name_medium": "Purmerend",
        "name_long": "Purmerend",
        "slug": "purmerend",
        "country": "NL",
        "type": "knooppuntStoptreinstation",
        "name": "Purmerend",
        "latitude": 52.50305557251,
        "longitude": 4.9536108970642
      }
    },
    {
      "type": "Feature",
      "geometry": {
        "type": "Point",
        "coordinates": [
          4.9683332443237,
          52.511390686035
        ]
      },
      "properties": {
        "id": "387",
        "code": "PMO",
        "uic": "8400506",
        "name_short": "Overwhere",
        "name_medium": "Overwhere",
        "name_long": "Purmerend Overwhere",
        "slug": "purmerend-overwhere",
        "country": "NL",
        "type": "stoptreinstation",
        "name": "Purmerend Overwhere",
        "latitude": 52.511390686035,
        "longitude": 4.9683332443237
      }
    },
    {
      "type": "Feature",
      "geometry": {
        "type": "Point",
        "coordinates": [
          4.9356293678284,
          52.496590632542
        ]
      },
      "properties": {
        "id": "389",
        "code": "PMW",
        "uic": "8400499",
        "name_short": "Weidevenne",
        "name_medium": "Weidevenne",
        "name_long": "Purmerend Weidevenne",
        "slug": "purmerend-weidevenne",
        "country": "NL",
        "type": "stoptreinstation",
        "name": "Purmerend Weidevenne",
        "latitude": 52.496590632542,
        "longitude": 4.9356293678284
      }
    },
    {
      "type": "Feature",
      "geometry": {
        "type": "Point",
        "coordinates": [
          5.5752778053284,
          52.264999389648
        ]
      },
      "properties": {
        "id": "391",
        "code": "PT",
        "uic": "8400509",
        "name_short": "Putten",
        "name_medium": "Putten",
        "name_long": "Putten",
        "slug": "putten",
        "country": "NL",
        "type": "stoptreinstation",
        "name": "Putten",
        "latitude": 52.264999389648,
        "longitude": 5.5752778053284
      }
    },
    {
      "type": "Feature",
      "geometry": {
        "type": "Point",
        "coordinates": [
          6.2775001525879,
          52.391666412354
        ]
      },
      "properties": {
        "id": "394",
        "code": "RAT",
        "uic": "8400513",
        "name_short": "Raalte",
        "name_medium": "Raalte",
        "name_long": "Raalte",
        "slug": "raalte",
        "country": "NL",
        "type": "stoptreinstation",
        "name": "Raalte",
        "latitude": 52.391666412354,
        "longitude": 6.2775001525879
      }
    },
    {
      "type": "Feature",
      "geometry": {
        "type": "Point",
        "coordinates": [
          5.6358332633972,
          51.794166564941
        ]
      },
      "properties": {
        "id": "416",
        "code": "RVS",
        "uic": "8400515",
        "name_short": "Ravenstein",
        "name_medium": "Ravenstein",
        "name_long": "Ravenstein",
        "slug": "ravenstein",
        "country": "NL",
        "type": "stoptreinstation",
        "name": "Ravenstein",
        "latitude": 51.794166564941,
        "longitude": 5.6358332633972
      }
    },
    {
      "type": "Feature",
      "geometry": {
        "type": "Point",
        "coordinates": [
          6.0789585113525,
          51.28321916653
        ]
      },
      "properties": {
        "id": "415",
        "code": "RV",
        "uic": "8400518",
        "name_short": "Reuver",
        "name_medium": "Reuver",
        "name_long": "Reuver",
        "slug": "reuver",
        "country": "NL",
        "type": "stoptreinstation",
        "name": "Reuver",
        "latitude": 51.28321916653,
        "longitude": 6.0789585113525
      }
    },
    {
      "type": "Feature",
      "geometry": {
        "type": "Point",
        "coordinates": [
          6.0314,
          52.0101
        ]
      },
      "properties": {
        "id": "397",
        "code": "RH",
        "uic": "8400519",
        "name_short": "Rheden",
        "name_medium": "Rheden",
        "name_long": "Rheden",
        "slug": "rheden",
        "country": "NL",
        "type": "stoptreinstation",
        "name": "Rheden",
        "latitude": 52.0101,
        "longitude": 6.0314
      }
    },
    {
      "type": "Feature",
      "geometry": {
        "type": "Point",
        "coordinates": [
          5.5783333778381,
          51.958610534668
        ]
      },
      "properties": {
        "id": "399",
        "code": "RHN",
        "uic": "8400517",
        "name_short": "Rhenen",
        "name_medium": "Rhenen",
        "name_long": "Rhenen",
        "slug": "rhenen",
        "country": "NL",
        "type": "knooppuntStoptreinstation",
        "name": "Rhenen",
        "latitude": 51.958610534668,
        "longitude": 5.5783333778381
      }
    },
    {
      "type": "Feature",
      "geometry": {
        "type": "Point",
        "coordinates": [
          6.5202779769897,
          52.3122215271
        ]
      },
      "properties": {
        "id": "406",
        "code": "RSN",
        "uic": "8400538",
        "name_short": "Rijssen",
        "name_medium": "Rijssen",
        "name_long": "Rijssen",
        "slug": "rijssen",
        "country": "NL",
        "type": "stoptreinstation",
        "name": "Rijssen",
        "latitude": 52.3122215271,
        "longitude": 6.5202779769897
      }
    },
    {
      "type": "Feature",
      "geometry": {
        "type": "Point",
        "coordinates": [
          4.3191666603088,
          52.039722442627
        ]
      },
      "properties": {
        "id": "407",
        "code": "RSW",
        "uic": "8400505",
        "name_short": "Rijswijk",
        "name_medium": "Rijswijk",
        "name_long": "Rijswijk",
        "slug": "rijswijk",
        "country": "NL",
        "type": "stoptreinstation",
        "name": "Rijswijk",
        "latitude": 52.039722442627,
        "longitude": 4.3191666603088
      }
    },
    {
      "type": "Feature",
      "geometry": {
        "type": "Point",
        "coordinates": [
          4.1611108779907,
          51.422779083252
        ]
      },
      "properties": {
        "id": "395",
        "code": "RB",
        "uic": "8400521",
        "name_short": "Rilland-Ba",
        "name_medium": "Rilland-Bath",
        "name_long": "Rilland-Bath",
        "slug": "rilland-bath",
        "country": "NL",
        "type": "stoptreinstation",
        "name": "Rilland-Bath",
        "latitude": 51.422779083252,
        "longitude": 4.1611108779907
      }
    },
    {
      "type": "Feature",
      "geometry": {
        "type": "Point",
        "coordinates": [
          5.9941668510437,
          51.193054199219
        ]
      },
      "properties": {
        "id": "402",
        "code": "RM",
        "uic": "8400523",
        "name_short": "Roermond",
        "name_medium": "Roermond",
        "name_long": "Roermond",
        "slug": "roermond",
        "country": "NL",
        "type": "knooppuntIntercitystation",
        "name": "Roermond",
        "latitude": 51.193054199219,
        "longitude": 5.9941668510437
      }
    },
    {
      "type": "Feature",
      "geometry": {
        "type": "Point",
        "coordinates": [
          6.7587,
          53.421262
        ]
      },
      "properties": {
        "id": "396",
        "code": "RD",
        "uic": "8400525",
        "name_short": "Roodeschl",
        "name_medium": "Roodeschool",
        "name_long": "Roodeschool",
        "slug": "roodeschool",
        "country": "NL",
        "type": "stoptreinstation",
        "name": "Roodeschool",
        "latitude": 53.421262,
        "longitude": 6.7587
      }
    },
    {
      "type": "Feature",
      "geometry": {
        "type": "Point",
        "coordinates": [
          4.4583334922791,
          51.540279388428
        ]
      },
      "properties": {
        "id": "405",
        "code": "RSD",
        "uic": "8400526",
        "name_short": "Roosendaal",
        "name_medium": "Roosendaal",
        "name_long": "Roosendaal",
        "slug": "roosendaal",
        "country": "NL",
        "type": "knooppuntIntercitystation",
        "name": "Roosendaal",
        "latitude": 51.540279388428,
        "longitude": 4.4583334922791
      }
    },
    {
      "type": "Feature",
      "geometry": {
        "type": "Point",
        "coordinates": [
          5.3680553436279,
          51.714721679688
        ]
      },
      "properties": {
        "id": "404",
        "code": "RS",
        "uic": "8400524",
        "name_short": "Rosmalen",
        "name_medium": "Rosmalen",
        "name_long": "Rosmalen",
        "slug": "rosmalen",
        "country": "NL",
        "type": "stoptreinstation",
        "name": "Rosmalen",
        "latitude": 51.714721679688,
        "longitude": 5.3680553436279
      }
    },
    {
      "type": "Feature",
      "geometry": {
        "type": "Point",
        "coordinates": [
          4.5536112785339,
          51.951946258545
        ]
      },
      "properties": {
        "id": "409",
        "code": "RTA",
        "uic": "8400507",
        "name_short": "Alexander",
        "name_medium": "Alexander",
        "name_long": "Rotterdam Alexander",
        "slug": "rotterdam-alexander",
        "country": "NL",
        "type": "intercitystation",
        "name": "Rotterdam Alexander",
        "latitude": 51.951946258545,
        "longitude": 4.5536112785339
      }
    },
    {
      "type": "Feature",
      "geometry": {
        "type": "Point",
        "coordinates": [
          4.4888887405395,
          51.920276641846
        ]
      },
      "properties": {
        "id": "410",
        "code": "RTB",
        "uic": "8400529",
        "name_short": "Blaak",
        "name_medium": "Blaak",
        "name_long": "Rotterdam Blaak",
        "slug": "rotterdam-blaak",
        "country": "NL",
        "type": "stoptreinstation",
        "name": "Rotterdam Blaak",
        "latitude": 51.920276641846,
        "longitude": 4.4888887405395
      }
    },
    {
      "type": "Feature",
      "geometry": {
        "type": "Point",
        "coordinates": [
          4.468888759613,
          51.92499923706
        ]
      },
      "properties": {
        "id": "411",
        "code": "RTD",
        "uic": "8400530",
        "name_short": "Rotterdm C",
        "name_medium": "Rotterdam C.",
        "name_long": "Rotterdam Centraal",
        "slug": "rotterdam-centraal",
        "country": "NL",
        "type": "megastation",
        "name": "Rotterdam Centraal",
        "latitude": 51.92499923706,
        "longitude": 4.468888759613
      }
    },
    {
      "type": "Feature",
      "geometry": {
        "type": "Point",
        "coordinates": [
          4.531388759613,
          51.880001068115
        ]
      },
      "properties": {
        "id": "401",
        "code": "RLB",
        "uic": "8400542",
        "name_short": "Lombardije",
        "name_medium": "Lombardijen",
        "name_long": "Rotterdam Lombardijen",
        "slug": "rotterdam-lombardijen",
        "country": "NL",
        "type": "stoptreinstation",
        "name": "Rotterdam Lombardijen",
        "latitude": 51.880001068115,
        "longitude": 4.531388759613
      }
    },
    {
      "type": "Feature",
      "geometry": {
        "type": "Point",
        "coordinates": [
          4.4816665649414,
          51.942222595215
        ]
      },
      "properties": {
        "id": "412",
        "code": "RTN",
        "uic": "8400531",
        "name_short": "Rotterdm N",
        "name_medium": "Rotterdam Noord",
        "name_long": "Rotterdam Noord",
        "slug": "rotterdam-noord",
        "country": "NL",
        "type": "stoptreinstation",
        "name": "Rotterdam Noord",
        "latitude": 51.942222595215,
        "longitude": 4.4816665649414
      }
    },
    {
      "type": "Feature",
      "geometry": {
        "type": "Point",
        "coordinates": [
          4.5102777481079,
          51.904445648193
        ]
      },
      "properties": {
        "id": "414",
        "code": "RTZ",
        "uic": "8400533",
        "name_short": "Rotterdm Z",
        "name_medium": "Rotterdam Zuid",
        "name_long": "Rotterdam Zuid",
        "slug": "rotterdam-zuid",
        "country": "NL",
        "type": "stoptreinstation",
        "name": "Rotterdam Zuid",
        "latitude": 51.904445648193,
        "longitude": 4.5102777481079
      }
    },
    {
      "type": "Feature",
      "geometry": {
        "type": "Point",
        "coordinates": [
          6.4492656,
          52.0810888
        ]
      },
      "properties": {
        "id": "400",
        "code": "RL",
        "uic": "8400537",
        "name_short": "Ruurlo",
        "name_medium": "Ruurlo",
        "name_long": "Ruurlo",
        "slug": "ruurlo",
        "country": "NL",
        "type": "stoptreinstation",
        "name": "Ruurlo",
        "latitude": 52.0810888,
        "longitude": 6.4492656
      }
    },
    {
      "type": "Feature",
      "geometry": {
        "type": "Point",
        "coordinates": [
          4.6325001716614,
          52.43388748169
        ]
      },
      "properties": {
        "id": "435",
        "code": "SPTN",
        "uic": "8400543",
        "name_short": "Santprt N",
        "name_medium": "Santpoort Noord",
        "name_long": "Santpoort Noord",
        "slug": "santpoort-noord",
        "country": "NL",
        "type": "stoptreinstation",
        "name": "Santpoort Noord",
        "latitude": 52.43388748169,
        "longitude": 4.6325001716614
      }
    },
    {
      "type": "Feature",
      "geometry": {
        "type": "Point",
        "coordinates": [
          4.6313886642456,
          52.419723510742
        ]
      },
      "properties": {
        "id": "436",
        "code": "SPTZ",
        "uic": "8400544",
        "name_short": "Santprt Z",
        "name_medium": "Santpoort Zuid",
        "name_long": "Santpoort Zuid",
        "slug": "santpoort-zuid",
        "country": "NL",
        "type": "stoptreinstation",
        "name": "Santpoort Zuid",
        "latitude": 52.419723510742,
        "longitude": 4.6313886642456
      }
    },
    {
      "type": "Feature",
      "geometry": {
        "type": "Point",
        "coordinates": [
          4.517222,
          52.215278
        ]
      },
      "properties": {
        "id": "544",
        "code": "SSH",
        "uic": "8400603",
        "name_short": "Sassenheim",
        "name_medium": "Sassenheim",
        "name_long": "Sassenheim",
        "slug": "sassenheim",
        "country": "NL",
        "type": "stoptreinstation",
        "name": "Sassenheim",
        "latitude": 52.215278,
        "longitude": 4.517222
      }
    },
    {
      "type": "Feature",
      "geometry": {
        "type": "Point",
        "coordinates": [
          6.5404,
          53.29113
        ]
      },
      "properties": {
        "id": "449",
        "code": "SWD",
        "uic": "8400547",
        "name_short": "Sauwerd",
        "name_medium": "Sauwerd",
        "name_long": "Sauwerd",
        "slug": "sauwerd",
        "country": "NL",
        "type": "stoptreinstation",
        "name": "Sauwerd",
        "latitude": 53.29113,
        "longitude": 6.5404
      }
    },
    {
      "type": "Feature",
      "geometry": {
        "type": "Point",
        "coordinates": [
          4.8052778244019,
          52.784442901611
        ]
      },
      "properties": {
        "id": "427",
        "code": "SGN",
        "uic": "8400549",
        "name_short": "Schagen",
        "name_medium": "Schagen",
        "name_long": "Schagen",
        "slug": "schagen",
        "country": "NL",
        "type": "stoptreinstation",
        "name": "Schagen",
        "latitude": 52.784442901611,
        "longitude": 4.8052778244019
      }
    },
    {
      "type": "Feature",
      "geometry": {
        "type": "Point",
        "coordinates": [
          6.9777775,
          53.1655362
        ]
      },
      "properties": {
        "id": "421",
        "code": "SDA",
        "uic": "8400551",
        "name_short": "Scheemda",
        "name_medium": "Scheemda",
        "name_long": "Scheemda",
        "slug": "scheemda",
        "country": "NL",
        "type": "stoptreinstation",
        "name": "Scheemda",
        "latitude": 53.1655362,
        "longitude": 6.9777775
      }
    },
    {
      "type": "Feature",
      "geometry": {
        "type": "Point",
        "coordinates": [
          4.4089937210083,
          51.921243812803
        ]
      },
      "properties": {
        "id": "422",
        "code": "SDM",
        "uic": "8400553",
        "name_short": "Schiedam C",
        "name_medium": "Schiedam C.",
        "name_long": "Schiedam Centrum",
        "slug": "schiedam-centrum",
        "country": "NL",
        "type": "stoptreinstation",
        "name": "Schiedam Centrum",
        "latitude": 51.921243812803,
        "longitude": 4.4089937210083
      }
    },
    {
      "type": "Feature",
      "geometry": {
        "type": "Point",
        "coordinates": [
          5.8722224235535,
          50.856388092041
        ]
      },
      "properties": {
        "id": "433",
        "code": "SOG",
        "uic": "8400555",
        "name_short": "Schin op G",
        "name_medium": "Schin op Geul",
        "name_long": "Schin op Geul",
        "slug": "schin-op-geul",
        "country": "NL",
        "type": "stoptreinstation",
        "name": "Schin op Geul",
        "latitude": 50.856388092041,
        "longitude": 5.8722224235535
      }
    },
    {
      "type": "Feature",
      "geometry": {
        "type": "Point",
        "coordinates": [
          5.8744444847107,
          50.939167022705
        ]
      },
      "properties": {
        "id": "432",
        "code": "SN",
        "uic": "8400554",
        "name_short": "Schinnen",
        "name_medium": "Schinnen",
        "name_long": "Schinnen",
        "slug": "schinnen",
        "country": "NL",
        "type": "stoptreinstation",
        "name": "Schinnen",
        "latitude": 50.939167022705,
        "longitude": 5.8744444847107
      }
    },
    {
      "type": "Feature",
      "geometry": {
        "type": "Point",
        "coordinates": [
          4.7619442939758,
          52.30944442749
        ]
      },
      "properties": {
        "id": "428",
        "code": "SHL",
        "uic": "8400561",
        "name_short": "Schiphol",
        "name_medium": "Schiphol Airport",
        "name_long": "Schiphol Airport",
        "slug": "schiphol-airport",
        "country": "NL",
        "type": "megastation",
        "name": "Schiphol Airport",
        "latitude": 52.30944442749,
        "longitude": 4.7619442939758
      }
    },
    {
      "type": "Feature",
      "geometry": {
        "type": "Point",
        "coordinates": [
          5.8586111068726,
          51.001667022705
        ]
      },
      "properties": {
        "id": "440",
        "code": "STD",
        "uic": "8400564",
        "name_short": "Sittard",
        "name_medium": "Sittard",
        "name_long": "Sittard",
        "slug": "sittard",
        "country": "NL",
        "type": "knooppuntIntercitystation",
        "name": "Sittard",
        "latitude": 51.001667022705,
        "longitude": 5.8586111068726
      }
    },
    {
      "type": "Feature",
      "geometry": {
        "type": "Point",
        "coordinates": [
          4.7783331871033,
          51.829723358154
        ]
      },
      "properties": {
        "id": "423",
        "code": "SDT",
        "uic": "8400565",
        "name_short": "Sliedrecht",
        "name_medium": "Sliedrecht",
        "name_long": "Sliedrecht",
        "slug": "sliedrecht",
        "country": "NL",
        "type": "stoptreinstation",
        "name": "Sliedrecht",
        "latitude": 51.829723358154,
        "longitude": 4.7783331871033
      }
    },
    {
      "type": "Feature",
      "geometry": {
        "type": "Point",
        "coordinates": [
          4.743333,
          51.829722
        ]
      },
      "properties": {
        "id": "548",
        "code": "SDTB",
        "uic": "8400497",
        "name_short": "Baanhoek",
        "name_medium": "Baanhoek",
        "name_long": "Sliedrecht Baanhoek",
        "slug": "sliedrecht-baanhoek",
        "country": "NL",
        "type": "stoptreinstation",
        "name": "Sliedrecht Baanhoek",
        "latitude": 51.829722,
        "longitude": 4.743333
      }
    },
    {
      "type": "Feature",
      "geometry": {
        "type": "Point",
        "coordinates": [
          5.6523969,
          53.0328688
        ]
      },
      "properties": {
        "id": "429",
        "code": "SK",
        "uic": "8400566",
        "name_short": "Sneek",
        "name_medium": "Sneek",
        "name_long": "Sneek",
        "slug": "sneek",
        "country": "NL",
        "type": "knooppuntStoptreinstation",
        "name": "Sneek",
        "latitude": 53.0328688,
        "longitude": 5.6523969
      }
    },
    {
      "type": "Feature",
      "geometry": {
        "type": "Point",
        "coordinates": [
          5.6631808,
          53.0409319
        ]
      },
      "properties": {
        "id": "430",
        "code": "SKND",
        "uic": "8400574",
        "name_short": "Sneek N",
        "name_medium": "Sneek Noord",
        "name_long": "Sneek Noord",
        "slug": "sneek-noord",
        "country": "NL",
        "type": "stoptreinstation",
        "name": "Sneek Noord",
        "latitude": 53.0409319,
        "longitude": 5.6631808
      }
    },
    {
      "type": "Feature",
      "geometry": {
        "type": "Point",
        "coordinates": [
          5.3099999427795,
          52.173332214355
        ]
      },
      "properties": {
        "id": "438",
        "code": "ST",
        "uic": "8400567",
        "name_short": "Soest",
        "name_medium": "Soest",
        "name_long": "Soest",
        "slug": "soest",
        "country": "NL",
        "type": "knooppuntStoptreinstation",
        "name": "Soest",
        "latitude": 52.173332214355,
        "longitude": 5.3099999427795
      }
    },
    {
      "type": "Feature",
      "geometry": {
        "type": "Point",
        "coordinates": [
          5.3030557632446,
          52.165279388428
        ]
      },
      "properties": {
        "id": "448",
        "code": "STZ",
        "uic": "8400571",
        "name_short": "Soest Z",
        "name_medium": "Soest Zuid",
        "name_long": "Soest Zuid",
        "slug": "soest-zuid",
        "country": "NL",
        "type": "stoptreinstation",
        "name": "Soest Zuid",
        "latitude": 52.165279388428,
        "longitude": 5.3030557632446
      }
    },
    {
      "type": "Feature",
      "geometry": {
        "type": "Point",
        "coordinates": [
          5.3000001907349,
          52.183612823486
        ]
      },
      "properties": {
        "id": "420",
        "code": "SD",
        "uic": "8400569",
        "name_short": "Soestdijk",
        "name_medium": "Soestdijk",
        "name_long": "Soestdijk",
        "slug": "soestdijk",
        "country": "NL",
        "type": "stoptreinstation",
        "name": "Soestdijk",
        "latitude": 52.183612823486,
        "longitude": 5.3000001907349
      }
    },
    {
      "type": "Feature",
      "geometry": {
        "type": "Point",
        "coordinates": [
          5.850529,
          50.94327
        ]
      },
      "properties": {
        "id": "417",
        "code": "SBK",
        "uic": "8400572",
        "name_short": "Spaubeek",
        "name_medium": "Spaubeek",
        "name_long": "Spaubeek",
        "slug": "spaubeek",
        "country": "NL",
        "type": "stoptreinstation",
        "name": "Spaubeek",
        "latitude": 50.94327,
        "longitude": 5.850529
      }
    },
    {
      "type": "Feature",
      "geometry": {
        "type": "Point",
        "coordinates": [
          5.3600212,
          52.8865535
        ]
      },
      "properties": {
        "id": "447",
        "code": "STV",
        "uic": "8400575",
        "name_short": "Stavoren",
        "name_medium": "Stavoren",
        "name_long": "Stavoren",
        "slug": "stavoren",
        "country": "NL",
        "type": "stoptreinstation",
        "name": "Stavoren",
        "latitude": 52.8865535,
        "longitude": 5.3600212
      }
    },
    {
      "type": "Feature",
      "geometry": {
        "type": "Point",
        "coordinates": [
          6.6875551,
          53.3262092
        ]
      },
      "properties": {
        "id": "442",
        "code": "STM",
        "uic": "8400576",
        "name_short": "Stedum",
        "name_medium": "Stedum",
        "name_long": "Stedum",
        "slug": "stedum",
        "country": "NL",
        "type": "stoptreinstation",
        "name": "Stedum",
        "latitude": 53.3262092,
        "longitude": 6.6875551
      }
    },
    {
      "type": "Feature",
      "geometry": {
        "type": "Point",
        "coordinates": [
          6.1145557632446,
          52.791510992432
        ]
      },
      "properties": {
        "id": "450",
        "code": "SWK",
        "uic": "8400578",
        "name_short": "Steenwijk",
        "name_medium": "Steenwijk",
        "name_long": "Steenwijk",
        "slug": "steenwijk",
        "country": "NL",
        "type": "intercitystation",
        "name": "Steenwijk",
        "latitude": 52.791510992432,
        "longitude": 6.1145557632446
      }
    },
    {
      "type": "Feature",
      "geometry": {
        "type": "Point",
        "coordinates": [
          5.8630557060242,
          51.061389923096
        ]
      },
      "properties": {
        "id": "437",
        "code": "SRN",
        "uic": "8400582",
        "name_short": "Susteren",
        "name_medium": "Susteren",
        "name_long": "Susteren",
        "slug": "susteren",
        "country": "NL",
        "type": "stoptreinstation",
        "name": "Susteren",
        "latitude": 51.061389923096,
        "longitude": 5.8630557060242
      }
    },
    {
      "type": "Feature",
      "geometry": {
        "type": "Point",
        "coordinates": [
          6.03228,
          51.23582
        ]
      },
      "properties": {
        "id": "431",
        "code": "SM",
        "uic": "8400583",
        "name_short": "Swalmen",
        "name_medium": "Swalmen",
        "name_long": "Swalmen",
        "slug": "swalmen",
        "country": "NL",
        "type": "stoptreinstation",
        "name": "Swalmen",
        "latitude": 51.23582,
        "longitude": 6.03228
      }
    },
    {
      "type": "Feature",
      "geometry": {
        "type": "Point",
        "coordinates": [
          6.14253,
          51.33894
        ]
      },
      "properties": {
        "id": "457",
        "code": "TG",
        "uic": "8400591",
        "name_short": "Tegelen",
        "name_medium": "Tegelen",
        "name_long": "Tegelen",
        "slug": "tegelen",
        "country": "NL",
        "type": "stoptreinstation",
        "name": "Tegelen",
        "latitude": 51.33894,
        "longitude": 6.14253
      }
    },
    {
      "type": "Feature",
      "geometry": {
        "type": "Point",
        "coordinates": [
          6.3642466,
          51.9224549
        ]
      },
      "properties": {
        "id": "454",
        "code": "TBG",
        "uic": "8400592",
        "name_short": "Terborg",
        "name_medium": "Terborg",
        "name_long": "Terborg",
        "slug": "terborg",
        "country": "NL",
        "type": "stoptreinstation",
        "name": "Terborg",
        "latitude": 51.9224549,
        "longitude": 6.3642466
      }
    },
    {
      "type": "Feature",
      "geometry": {
        "type": "Point",
        "coordinates": [
          5.4222221374512,
          51.889446258545
        ]
      },
      "properties": {
        "id": "458",
        "code": "TL",
        "uic": "8400596",
        "name_short": "Tiel",
        "name_medium": "Tiel",
        "name_long": "Tiel",
        "slug": "tiel",
        "country": "NL",
        "type": "knooppuntStoptreinstation",
        "name": "Tiel",
        "latitude": 51.889446258545,
        "longitude": 5.4222221374512
      }
    },
    {
      "type": "Feature",
      "geometry": {
        "type": "Point",
        "coordinates": [
          5.39222240448,
          51.873889923096
        ]
      },
      "properties": {
        "id": "459",
        "code": "TPSW",
        "uic": "8400600",
        "name_short": "Passewaaij",
        "name_medium": "Passewaaij",
        "name_long": "Tiel Passewaaij",
        "slug": "tiel-passewaaij",
        "country": "NL",
        "type": "stoptreinstation",
        "name": "Tiel Passewaaij",
        "latitude": 51.873889923096,
        "longitude": 5.39222240448
      }
    },
    {
      "type": "Feature",
      "geometry": {
        "type": "Point",
        "coordinates": [
          5.0836110115051,
          51.560554504395
        ]
      },
      "properties": {
        "id": "453",
        "code": "TB",
        "uic": "8400597",
        "name_short": "Tilburg",
        "name_medium": "Tilburg",
        "name_long": "Tilburg",
        "slug": "tilburg",
        "country": "NL",
        "type": "knooppuntIntercitystation",
        "name": "Tilburg",
        "latitude": 51.560554504395,
        "longitude": 5.0836110115051
      }
    },
    {
      "type": "Feature",
      "geometry": {
        "type": "Point",
        "coordinates": [
          4.9944443702698,
          51.573612213135
        ]
      },
      "properties": {
        "id": "455",
        "code": "TBR",
        "uic": "8400598",
        "name_short": "Reeshof",
        "name_medium": "Reeshof",
        "name_long": "Tilburg Reeshof",
        "slug": "tilburg-reeshof",
        "country": "NL",
        "type": "stoptreinstation",
        "name": "Tilburg Reeshof",
        "latitude": 51.573612213135,
        "longitude": 4.9944443702698
      }
    },
    {
      "type": "Feature",
      "geometry": {
        "type": "Point",
        "coordinates": [
          5.051778,
          51.564985
        ]
      },
      "properties": {
        "id": "456",
        "code": "TBU",
        "uic": "8400594",
        "name_short": "Tilburg Un",
        "name_medium": "Tilburg Uni.",
        "name_long": "Tilburg Universiteit",
        "slug": "tilburg-universiteit",
        "country": "NL",
        "type": "stoptreinstation",
        "name": "Tilburg Universiteit",
        "latitude": 51.564985,
        "longitude": 5.051778
      }
    },
    {
      "type": "Feature",
      "geometry": {
        "type": "Point",
        "coordinates": [
          6.0986108779907,
          52.237777709961
        ]
      },
      "properties": {
        "id": "460",
        "code": "TWL",
        "uic": "8400599",
        "name_short": "Twello",
        "name_medium": "Twello",
        "name_long": "Twello",
        "slug": "twello",
        "country": "NL",
        "type": "stoptreinstation",
        "name": "Twello",
        "latitude": 52.237777709961,
        "longitude": 6.0986108779907
      }
    },
    {
      "type": "Feature",
      "geometry": {
        "type": "Point",
        "coordinates": [
          4.7016668319702,
          52.521667480469
        ]
      },
      "properties": {
        "id": "468",
        "code": "UTG",
        "uic": "8400615",
        "name_short": "Uitgeest",
        "name_medium": "Uitgeest",
        "name_long": "Uitgeest",
        "slug": "uitgeest",
        "country": "NL",
        "type": "knooppuntStoptreinstation",
        "name": "Uitgeest",
        "latitude": 52.521667480469,
        "longitude": 4.7016668319702
      }
    },
    {
      "type": "Feature",
      "geometry": {
        "type": "Point",
        "coordinates": [
          6.6748869,
          53.4099568
        ]
      },
      "properties": {
        "id": "462",
        "code": "UHZ",
        "uic": "8400617",
        "name_short": "Uithuizen",
        "name_medium": "Uithuizen",
        "name_long": "Uithuizen",
        "slug": "uithuizen",
        "country": "NL",
        "type": "stoptreinstation",
        "name": "Uithuizen",
        "latitude": 53.4099568,
        "longitude": 6.6748869
      }
    },
    {
      "type": "Feature",
      "geometry": {
        "type": "Point",
        "coordinates": [
          6.7202975,
          53.4145845
        ]
      },
      "properties": {
        "id": "461",
        "code": "UHM",
        "uic": "8400618",
        "name_short": "Uithuizerm",
        "name_medium": "Uithuizermeeden",
        "name_long": "Uithuizermeeden",
        "slug": "uithuizermeeden",
        "country": "NL",
        "type": "stoptreinstation",
        "name": "Uithuizermeeden",
        "latitude": 53.4145845,
        "longitude": 6.7202975
      }
    },
    {
      "type": "Feature",
      "geometry": {
        "type": "Point",
        "coordinates": [
          6.6093776,
          53.4014742
        ]
      },
      "properties": {
        "id": "465",
        "code": "UST",
        "uic": "8400619",
        "name_short": "Usquert",
        "name_medium": "Usquert",
        "name_long": "Usquert",
        "slug": "usquert",
        "country": "NL",
        "type": "stoptreinstation",
        "name": "Usquert",
        "latitude": 53.4014742,
        "longitude": 6.6093776
      }
    },
    {
      "type": "Feature",
      "geometry": {
        "type": "Point",
        "coordinates": [
          5.1102776527405,
          52.088890075684
        ]
      },
      "properties": {
        "id": "467",
        "code": "UT",
        "uic": "8400621",
        "name_short": "Utrecht C",
        "name_medium": "Utrecht C.",
        "name_long": "Utrecht Centraal",
        "slug": "utrecht-centraal",
        "country": "NL",
        "type": "megastation",
        "name": "Utrecht Centraal",
        "latitude": 52.088890075684,
        "longitude": 5.1102776527405
      }
    },
    {
      "type": "Feature",
      "geometry": {
        "type": "Point",
        "coordinates": [
          5.06523,
          52.09896
        ]
      },
      "properties": {
        "id": "718",
        "code": "UTLR",
        "uic": "8400607",
        "name_short": "LeidscheRn",
        "name_medium": "Leidsche Rijn",
        "name_long": "Utrecht Leidsche Rijn",
        "slug": "utrecht-leidsche-rijn",
        "country": "NL",
        "type": "stoptreinstation",
        "name": "Utrecht Leidsche Rijn",
        "latitude": 52.09896,
        "longitude": 5.06523
      }
    },
    {
      "type": "Feature",
      "geometry": {
        "type": "Point",
        "coordinates": [
          5.144166469574,
          52.06555557251
        ]
      },
      "properties": {
        "id": "796",
        "code": "UTLN",
        "uic": "8400623",
        "name_short": "Lunetten",
        "name_medium": "Lunetten",
        "name_long": "Utrecht Lunetten",
        "slug": "utrecht-lunetten",
        "country": "NL",
        "type": "stoptreinstation",
        "name": "Utrecht Lunetten",
        "latitude": 52.06555557251,
        "longitude": 5.144166469574
      }
    },
    {
      "type": "Feature",
      "geometry": {
        "type": "Point",
        "coordinates": [
          5.1313886642456,
          52.087776184082
        ]
      },
      "properties": {
        "id": "470",
        "code": "UTM",
        "uic": "8400624",
        "name_short": "Maliebaan",
        "name_medium": "Maliebaan",
        "name_long": "Utrecht Maliebaan",
        "slug": "utrecht-maliebaan",
        "country": "NL",
        "type": "stoptreinstation",
        "name": "Utrecht Maliebaan",
        "latitude": 52.087776184082,
        "longitude": 5.1313886642456
      }
    },
    {
      "type": "Feature",
      "geometry": {
        "type": "Point",
        "coordinates": [
          5.1247220039368,
          52.110000610352
        ]
      },
      "properties": {
        "id": "471",
        "code": "UTO",
        "uic": "8400620",
        "name_short": "Overvecht",
        "name_medium": "Overvecht",
        "name_long": "Utrecht Overvecht",
        "slug": "utrecht-overvecht",
        "country": "NL",
        "type": "knooppuntStoptreinstation",
        "name": "Utrecht Overvecht",
        "latitude": 52.110000610352,
        "longitude": 5.1247220039368
      }
    },
    {
      "type": "Feature",
      "geometry": {
        "type": "Point",
        "coordinates": [
          5.0439547,
          52.1000753
        ]
      },
      "properties": {
        "id": "472",
        "code": "UTT",
        "uic": "8400614",
        "name_short": "Terwijde",
        "name_medium": "Terwijde",
        "name_long": "Utrecht Terwijde",
        "slug": "utrecht-terwijde",
        "country": "NL",
        "type": "stoptreinstation",
        "name": "Utrecht Terwijde",
        "latitude": 52.1000753,
        "longitude": 5.0439547
      }
    },
    {
      "type": "Feature",
      "geometry": {
        "type": "Point",
        "coordinates": [
          5.121667,
          52.078889
        ]
      },
      "properties": {
        "id": "797",
        "code": "UTVR",
        "uic": "8400606",
        "name_short": "VaartscheR",
        "name_medium": "Vaartsche Rijn",
        "name_long": "Utrecht Vaartsche Rijn",
        "slug": "utrecht-vaartsche-rijn",
        "country": "NL",
        "type": "knooppuntStoptreinstation",
        "name": "Utrecht Vaartsche Rijn",
        "latitude": 52.078889,
        "longitude": 5.121667
      }
    },
    {
      "type": "Feature",
      "geometry": {
        "type": "Point",
        "coordinates": [
          5.09,
          52.103055
        ]
      },
      "properties": {
        "id": "473",
        "code": "UTZL",
        "uic": "8400613",
        "name_short": "Zuilen",
        "name_medium": "Zuilen",
        "name_long": "Utrecht Zuilen",
        "slug": "utrecht-zuilen",
        "country": "NL",
        "type": "stoptreinstation",
        "name": "Utrecht Zuilen",
        "latitude": 52.103055,
        "longitude": 5.09
      }
    },
    {
      "type": "Feature",
      "geometry": {
        "type": "Point",
        "coordinates": [
          5.8322219848633,
          50.869720458984
        ]
      },
      "properties": {
        "id": "486",
        "code": "VK",
        "uic": "8400632",
        "name_short": "Valkenburg",
        "name_medium": "Valkenburg",
        "name_long": "Valkenburg",
        "slug": "valkenburg",
        "country": "NL",
        "type": "knooppuntSneltreinstation",
        "name": "Valkenburg",
        "latitude": 50.869720458984,
        "longitude": 5.8322219848633
      }
    },
    {
      "type": "Feature",
      "geometry": {
        "type": "Point",
        "coordinates": [
          6.458839,
          51.937257
        ]
      },
      "properties": {
        "id": "496",
        "code": "VSV",
        "uic": "8400635",
        "name_short": "Varsseveld",
        "name_medium": "Varsseveld",
        "name_long": "Varsseveld",
        "slug": "varsseveld",
        "country": "NL",
        "type": "stoptreinstation",
        "name": "Varsseveld",
        "latitude": 51.937257,
        "longitude": 6.458839
      }
    },
    {
      "type": "Feature",
      "geometry": {
        "type": "Point",
        "coordinates": [
          6.88475,
          53.10324
        ]
      },
      "properties": {
        "id": "543",
        "code": "VDM",
        "uic": "8400636",
        "name_short": "Veendam",
        "name_medium": "Veendam",
        "name_long": "Veendam",
        "slug": "veendam",
        "country": "NL",
        "type": "knooppuntStoptreinstation",
        "name": "Veendam",
        "latitude": 53.10324,
        "longitude": 6.88475
      }
    },
    {
      "type": "Feature",
      "geometry": {
        "type": "Point",
        "coordinates": [
          5.548611164093,
          52.020000457764
        ]
      },
      "properties": {
        "id": "489",
        "code": "VNDC",
        "uic": "8400627",
        "name_short": "Veenendl C",
        "name_medium": "Veenendaal C.",
        "name_long": "Veenendaal Centrum",
        "slug": "veenendaal-centrum",
        "country": "NL",
        "type": "knooppuntStoptreinstation",
        "name": "Veenendaal Centrum",
        "latitude": 52.020000457764,
        "longitude": 5.548611164093
      }
    },
    {
      "type": "Feature",
      "geometry": {
        "type": "Point",
        "coordinates": [
          5.531388759613,
          52.028057098389
        ]
      },
      "properties": {
        "id": "490",
        "code": "VNDW",
        "uic": "8400628",
        "name_short": "Veenendl W",
        "name_medium": "Veenendaal West",
        "name_long": "Veenendaal West",
        "slug": "veenendaal-west",
        "country": "NL",
        "type": "stoptreinstation",
        "name": "Veenendaal West",
        "latitude": 52.028057098389,
        "longitude": 5.531388759613
      }
    },
    {
      "type": "Feature",
      "geometry": {
        "type": "Point",
        "coordinates": [
          5.5738887786865,
          52.045833587646
        ]
      },
      "properties": {
        "id": "285",
        "code": "KLP",
        "uic": "8400637",
        "name_short": "De Klomp",
        "name_medium": "De Klomp",
        "name_long": "Veenendaal-De Klomp",
        "slug": "veenendaal-de-klomp",
        "country": "NL",
        "type": "stoptreinstation",
        "name": "Veenendaal-De Klomp",
        "latitude": 52.045833587646,
        "longitude": 5.5738887786865
      }
    },
    {
      "type": "Feature",
      "geometry": {
        "type": "Point",
        "coordinates": [
          5.9802780151367,
          51.994720458984
        ]
      },
      "properties": {
        "id": "491",
        "code": "VP",
        "uic": "8400640",
        "name_short": "Velp",
        "name_medium": "Velp",
        "name_long": "Velp",
        "slug": "velp",
        "country": "NL",
        "type": "stoptreinstation",
        "name": "Velp",
        "latitude": 51.994720458984,
        "longitude": 5.9802780151367
      }
    },
    {
      "type": "Feature",
      "geometry": {
        "type": "Point",
        "coordinates": [
          6.1727776527405,
          51.363609313965
        ]
      },
      "properties": {
        "id": "487",
        "code": "VL",
        "uic": "8400644",
        "name_short": "Venlo",
        "name_medium": "Venlo",
        "name_long": "Venlo",
        "slug": "venlo",
        "country": "NL",
        "type": "knooppuntIntercitystation",
        "name": "Venlo",
        "latitude": 51.363609313965,
        "longitude": 6.1727776527405
      }
    },
    {
      "type": "Feature",
      "geometry": {
        "type": "Point",
        "coordinates": [
          6.0141777992248,
          51.526568099007
        ]
      },
      "properties": {
        "id": "492",
        "code": "VRY",
        "uic": "8400646",
        "name_short": "Venray",
        "name_medium": "Venray",
        "name_long": "Venray",
        "slug": "venray",
        "country": "NL",
        "type": "knooppuntStoptreinstation",
        "name": "Venray",
        "latitude": 51.526568099007,
        "longitude": 6.0141777992248
      }
    },
    {
      "type": "Feature",
      "geometry": {
        "type": "Point",
        "coordinates": [
          5.99714,
          51.59193
        ]
      },
      "properties": {
        "id": "488",
        "code": "VLB",
        "uic": "8400647",
        "name_short": "Vierlingsb",
        "name_medium": "Vierlingsbeek",
        "name_long": "Vierlingsbeek",
        "slug": "vierlingsbeek",
        "country": "NL",
        "type": "stoptreinstation",
        "name": "Vierlingsbeek",
        "latitude": 51.59193,
        "longitude": 5.99714
      }
    },
    {
      "type": "Feature",
      "geometry": {
        "type": "Point",
        "coordinates": [
          5.007404,
          52.103056
        ]
      },
      "properties": {
        "id": "497",
        "code": "VTN",
        "uic": "8400651",
        "name_short": "Vleuten",
        "name_medium": "Vleuten",
        "name_long": "Vleuten",
        "slug": "vleuten",
        "country": "NL",
        "type": "stoptreinstation",
        "name": "Vleuten",
        "latitude": 52.103056,
        "longitude": 5.007404
      }
    },
    {
      "type": "Feature",
      "geometry": {
        "type": "Point",
        "coordinates": [
          3.5952777862549,
          51.445835113525
        ]
      },
      "properties": {
        "id": "493",
        "code": "VS",
        "uic": "8400652",
        "name_short": "Vlissingen",
        "name_medium": "Vlissingen",
        "name_long": "Vlissingen",
        "slug": "vlissingen",
        "country": "NL",
        "type": "knooppuntIntercitystation",
        "name": "Vlissingen",
        "latitude": 51.445835113525,
        "longitude": 3.5952777862549
      }
    },
    {
      "type": "Feature",
      "geometry": {
        "type": "Point",
        "coordinates": [
          3.5952777862549,
          51.464721679688
        ]
      },
      "properties": {
        "id": "494",
        "code": "VSS",
        "uic": "8400653",
        "name_short": "Souburg",
        "name_medium": "Souburg",
        "name_long": "Vlissingen Souburg",
        "slug": "vlissingen-souburg",
        "country": "NL",
        "type": "stoptreinstation",
        "name": "Vlissingen Souburg",
        "latitude": 51.464721679688,
        "longitude": 3.5952777862549
      }
    },
    {
      "type": "Feature",
      "geometry": {
        "type": "Point",
        "coordinates": [
          5.9302778244019,
          50.887222290039
        ]
      },
      "properties": {
        "id": "478",
        "code": "VDL",
        "uic": "8400656",
        "name_short": "Voerendaal",
        "name_medium": "Voerendaal",
        "name_long": "Voerendaal",
        "slug": "voerendaal",
        "country": "NL",
        "type": "stoptreinstation",
        "name": "Voerendaal",
        "latitude": 50.887222290039,
        "longitude": 5.9302778244019
      }
    },
    {
      "type": "Feature",
      "geometry": {
        "type": "Point",
        "coordinates": [
          4.3594446182251,
          52.066665649414
        ]
      },
      "properties": {
        "id": "475",
        "code": "VB",
        "uic": "8400658",
        "name_short": "Voorburg",
        "name_medium": "Voorburg",
        "name_long": "Voorburg",
        "slug": "voorburg",
        "country": "NL",
        "type": "stoptreinstation",
        "name": "Voorburg",
        "latitude": 52.066665649414,
        "longitude": 4.3594446182251
      }
    },
    {
      "type": "Feature",
      "geometry": {
        "type": "Point",
        "coordinates": [
          4.4844446182251,
          52.224445343018
        ]
      },
      "properties": {
        "id": "483",
        "code": "VH",
        "uic": "8400655",
        "name_short": "Voorhout",
        "name_medium": "Voorhout",
        "name_long": "Voorhout",
        "slug": "voorhout",
        "country": "NL",
        "type": "stoptreinstation",
        "name": "Voorhout",
        "latitude": 52.224445343018,
        "longitude": 4.4844446182251
      }
    },
    {
      "type": "Feature",
      "geometry": {
        "type": "Point",
        "coordinates": [
          4.4324998855591,
          52.1252784729
        ]
      },
      "properties": {
        "id": "495",
        "code": "VST",
        "uic": "8400659",
        "name_short": "Voorschtn",
        "name_medium": "Voorschoten",
        "name_long": "Voorschoten",
        "slug": "voorschoten",
        "country": "NL",
        "type": "stoptreinstation",
        "name": "Voorschoten",
        "latitude": 52.1252784729,
        "longitude": 4.4324998855591
      }
    },
    {
      "type": "Feature",
      "geometry": {
        "type": "Point",
        "coordinates": [
          6.1436109542847,
          52.157501220703
        ]
      },
      "properties": {
        "id": "481",
        "code": "VEM",
        "uic": "8400668",
        "name_short": "Voorst-E",
        "name_medium": "Voorst-Empe",
        "name_long": "Voorst-Empe",
        "slug": "voorst-empe",
        "country": "NL",
        "type": "stoptreinstation",
        "name": "Voorst-Empe",
        "latitude": 52.157501220703,
        "longitude": 6.1436109542847
      }
    },
    {
      "type": "Feature",
      "geometry": {
        "type": "Point",
        "coordinates": [
          6.3170457,
          52.1071949
        ]
      },
      "properties": {
        "id": "476",
        "code": "VD",
        "uic": "8400661",
        "name_short": "Vorden",
        "name_medium": "Vorden",
        "name_long": "Vorden",
        "slug": "vorden",
        "country": "NL",
        "type": "stoptreinstation",
        "name": "Vorden",
        "latitude": 52.1071949,
        "longitude": 6.3170457
      }
    },
    {
      "type": "Feature",
      "geometry": {
        "type": "Point",
        "coordinates": [
          6.60041,
          52.40203
        ]
      },
      "properties": {
        "id": "499",
        "code": "VZ",
        "uic": "8400664",
        "name_short": "Vriezenvn",
        "name_medium": "Vriezenveen",
        "name_long": "Vriezenveen",
        "slug": "vriezenveen",
        "country": "NL",
        "type": "stoptreinstation",
        "name": "Vriezenveen",
        "latitude": 52.40203,
        "longitude": 6.60041
      }
    },
    {
      "type": "Feature",
      "geometry": {
        "type": "Point",
        "coordinates": [
          6.5696679,
          52.4571921
        ]
      },
      "properties": {
        "id": "484",
        "code": "VHP",
        "uic": "8400666",
        "name_short": "Vroomshoop",
        "name_medium": "Vroomshoop",
        "name_long": "Vroomshoop",
        "slug": "vroomshoop",
        "country": "NL",
        "type": "stoptreinstation",
        "name": "Vroomshoop",
        "latitude": 52.4571921,
        "longitude": 6.5696679
      }
    },
    {
      "type": "Feature",
      "geometry": {
        "type": "Point",
        "coordinates": [
          5.2919445037842,
          51.655555725098
        ]
      },
      "properties": {
        "id": "482",
        "code": "VG",
        "uic": "8400667",
        "name_short": "Vught",
        "name_medium": "Vught",
        "name_long": "Vught",
        "slug": "vught",
        "country": "NL",
        "type": "stoptreinstation",
        "name": "Vught",
        "latitude": 51.655555725098,
        "longitude": 5.2919445037842
      }
    },
    {
      "type": "Feature",
      "geometry": {
        "type": "Point",
        "coordinates": [
          4.6497220993042,
          52.044166564941
        ]
      },
      "properties": {
        "id": "500",
        "code": "WAD",
        "uic": "8400675",
        "name_short": "Waddinxvn",
        "name_medium": "Waddinxveen",
        "name_long": "Waddinxveen",
        "slug": "waddinxveen",
        "country": "NL",
        "type": "stoptreinstation",
        "name": "Waddinxveen",
        "latitude": 52.044166564941,
        "longitude": 4.6497220993042
      }
    },
    {
      "type": "Feature",
      "geometry": {
        "type": "Point",
        "coordinates": [
          4.6483335494995,
          52.055000305176
        ]
      },
      "properties": {
        "id": "501",
        "code": "WADN",
        "uic": "8400674",
        "name_short": "Waddinxv N",
        "name_medium": "Waddinxveen N.",
        "name_long": "Waddinxveen Noord",
        "slug": "waddinxveen-noord",
        "country": "NL",
        "type": "stoptreinstation",
        "name": "Waddinxveen Noord",
        "latitude": 52.055000305176,
        "longitude": 4.6483335494995
      }
    },
    {
      "type": "Feature",
      "geometry": {
        "type": "Point",
        "coordinates": [
          4.6491,
          52.02725
        ]
      },
      "properties": {
        "id": "816",
        "code": "WADT",
        "uic": "8400677",
        "name_short": "Triangel",
        "name_medium": "Triangel",
        "name_long": "Waddinxveen Triangel",
        "slug": "waddinxveen-triangel",
        "country": "NL",
        "type": "stoptreinstation",
        "name": "Waddinxveen Triangel",
        "latitude": 52.02725,
        "longitude": 4.6491
      }
    },
    {
      "type": "Feature",
      "geometry": {
        "type": "Point",
        "coordinates": [
          6.5671364,
          53.3908431
        ]
      },
      "properties": {
        "id": "506",
        "code": "WFM",
        "uic": "8400679",
        "name_short": "Warffum",
        "name_medium": "Warffum",
        "name_long": "Warffum",
        "slug": "warffum",
        "country": "NL",
        "type": "stoptreinstation",
        "name": "Warffum",
        "latitude": 53.3908431,
        "longitude": 6.5671364
      }
    },
    {
      "type": "Feature",
      "geometry": {
        "type": "Point",
        "coordinates": [
          5.7036108970642,
          51.248611450195
        ]
      },
      "properties": {
        "id": "517",
        "code": "WT",
        "uic": "8400684",
        "name_short": "Weert",
        "name_medium": "Weert",
        "name_long": "Weert",
        "slug": "weert",
        "country": "NL",
        "type": "intercitystation",
        "name": "Weert",
        "latitude": 51.248611450195,
        "longitude": 5.7036108970642
      }
    },
    {
      "type": "Feature",
      "geometry": {
        "type": "Point",
        "coordinates": [
          5.0430555343628,
          52.3127784729
        ]
      },
      "properties": {
        "id": "513",
        "code": "WP",
        "uic": "8400685",
        "name_short": "Weesp",
        "name_medium": "Weesp",
        "name_long": "Weesp",
        "slug": "weesp",
        "country": "NL",
        "type": "knooppuntStoptreinstation",
        "name": "Weesp",
        "latitude": 52.3127784729,
        "longitude": 5.0430555343628
      }
    },
    {
      "type": "Feature",
      "geometry": {
        "type": "Point",
        "coordinates": [
          6.213844,
          51.9578065
        ]
      },
      "properties": {
        "id": "510",
        "code": "WL",
        "uic": "8400686",
        "name_short": "Wehl",
        "name_medium": "Wehl",
        "name_long": "Wehl",
        "slug": "wehl",
        "country": "NL",
        "type": "stoptreinstation",
        "name": "Wehl",
        "latitude": 51.9578065,
        "longitude": 6.213844
      }
    },
    {
      "type": "Feature",
      "geometry": {
        "type": "Point",
        "coordinates": [
          5.9695,
          51.96286
        ]
      },
      "properties": {
        "id": "545",
        "code": "WTV",
        "uic": "8400688",
        "name_short": "Westervrt",
        "name_medium": "Westervoort",
        "name_long": "Westervoort",
        "slug": "westervoort",
        "country": "NL",
        "type": "stoptreinstation",
        "name": "Westervoort",
        "latitude": 51.96286,
        "longitude": 5.9695
      }
    },
    {
      "type": "Feature",
      "geometry": {
        "type": "Point",
        "coordinates": [
          6.0025000572205,
          52.454166412354
        ]
      },
      "properties": {
        "id": "524",
        "code": "WZ",
        "uic": "8400690",
        "name_short": "Wezep",
        "name_medium": "Wezep",
        "name_long": "Wezep",
        "slug": "wezep",
        "country": "NL",
        "type": "stoptreinstation",
        "name": "Wezep",
        "latitude": 52.454166412354,
        "longitude": 6.0025000572205
      }
    },
    {
      "type": "Feature",
      "geometry": {
        "type": "Point",
        "coordinates": [
          6.5916666984558,
          52.361389160156
        ]
      },
      "properties": {
        "id": "504",
        "code": "WDN",
        "uic": "8400691",
        "name_short": "Wierden",
        "name_medium": "Wierden",
        "name_long": "Wierden",
        "slug": "wierden",
        "country": "NL",
        "type": "knooppuntStoptreinstation",
        "name": "Wierden",
        "latitude": 52.361389160156,
        "longitude": 6.5916666984558
      }
    },
    {
      "type": "Feature",
      "geometry": {
        "type": "Point",
        "coordinates": [
          5.730833530426,
          51.811668395996
        ]
      },
      "properties": {
        "id": "502",
        "code": "WC",
        "uic": "8400710",
        "name_short": "Wijchen",
        "name_medium": "Wijchen",
        "name_long": "Wijchen",
        "slug": "wijchen",
        "country": "NL",
        "type": "stoptreinstation",
        "name": "Wijchen",
        "latitude": 51.811668395996,
        "longitude": 5.730833530426
      }
    },
    {
      "type": "Feature",
      "geometry": {
        "type": "Point",
        "coordinates": [
          6.1405553817749,
          52.390277862549
        ]
      },
      "properties": {
        "id": "507",
        "code": "WH",
        "uic": "8400711",
        "name_short": "Wijhe",
        "name_medium": "Wijhe",
        "name_long": "Wijhe",
        "slug": "wijhe",
        "country": "NL",
        "type": "intercitystation",
        "name": "Wijhe",
        "latitude": 52.390277862549,
        "longitude": 6.1405553817749
      }
    },
    {
      "type": "Feature",
      "geometry": {
        "type": "Point",
        "coordinates": [
          7.035101,
          53.1392377
        ]
      },
      "properties": {
        "id": "515",
        "code": "WS",
        "uic": "8400696",
        "name_short": "Winschoten",
        "name_medium": "Winschoten",
        "name_long": "Winschoten",
        "slug": "winschoten",
        "country": "NL",
        "type": "knooppuntStoptreinstation",
        "name": "Winschoten",
        "latitude": 53.1392377,
        "longitude": 7.035101
      }
    },
    {
      "type": "Feature",
      "geometry": {
        "type": "Point",
        "coordinates": [
          6.5202905,
          53.3300994
        ]
      },
      "properties": {
        "id": "516",
        "code": "WSM",
        "uic": "8400697",
        "name_short": "Winsum",
        "name_medium": "Winsum",
        "name_long": "Winsum",
        "slug": "winsum",
        "country": "NL",
        "type": "stoptreinstation",
        "name": "Winsum",
        "latitude": 53.3300994,
        "longitude": 6.5202905
      }
    },
    {
      "type": "Feature",
      "geometry": {
        "type": "Point",
        "coordinates": [
          6.7155181,
          51.9677307
        ]
      },
      "properties": {
        "id": "522",
        "code": "WW",
        "uic": "8400698",
        "name_short": "Winterswk",
        "name_medium": "Winterswijk",
        "name_long": "Winterswijk",
        "slug": "winterswijk",
        "country": "NL",
        "type": "knooppuntStoptreinstation",
        "name": "Winterswijk",
        "latitude": 51.9677307,
        "longitude": 6.7155181
      }
    },
    {
      "type": "Feature",
      "geometry": {
        "type": "Point",
        "coordinates": [
          6.70417,
          51.97453
        ]
      },
      "properties": {
        "id": "523",
        "code": "WWW",
        "uic": "8400700",
        "name_short": "Wintersw W",
        "name_medium": "Winterswijk West",
        "name_long": "Winterswijk West",
        "slug": "winterswijk-west",
        "country": "NL",
        "type": "stoptreinstation",
        "name": "Winterswijk West",
        "latitude": 51.97453,
        "longitude": 6.70417
      }
    },
    {
      "type": "Feature",
      "geometry": {
        "type": "Point",
        "coordinates": [
          4.8936109542847,
          52.084999084473
        ]
      },
      "properties": {
        "id": "503",
        "code": "WD",
        "uic": "8400702",
        "name_short": "Woerden",
        "name_medium": "Woerden",
        "name_long": "Woerden",
        "slug": "woerden",
        "country": "NL",
        "type": "knooppuntStoptreinstation",
        "name": "Woerden",
        "latitude": 52.084999084473,
        "longitude": 4.8936109542847
      }
    },
    {
      "type": "Feature",
      "geometry": {
        "type": "Point",
        "coordinates": [
          5.7936110496521,
          52.005554199219
        ]
      },
      "properties": {
        "id": "505",
        "code": "WF",
        "uic": "8400704",
        "name_short": "Wolfheze",
        "name_medium": "Wolfheze",
        "name_long": "Wolfheze",
        "slug": "wolfheze",
        "country": "NL",
        "type": "stoptreinstation",
        "name": "Wolfheze",
        "latitude": 52.005554199219,
        "longitude": 5.7936110496521
      }
    },
    {
      "type": "Feature",
      "geometry": {
        "type": "Point",
        "coordinates": [
          6.0036110877991,
          52.880832672119
        ]
      },
      "properties": {
        "id": "521",
        "code": "WV",
        "uic": "8400705",
        "name_short": "Wolvega",
        "name_medium": "Wolvega",
        "name_long": "Wolvega",
        "slug": "wolvega",
        "country": "NL",
        "type": "stoptreinstation",
        "name": "Wolvega",
        "latitude": 52.880832672119,
        "longitude": 6.0036110877991
      }
    },
    {
      "type": "Feature",
      "geometry": {
        "type": "Point",
        "coordinates": [
          5.4564285,
          52.9724864
        ]
      },
      "properties": {
        "id": "509",
        "code": "WK",
        "uic": "8400706",
        "name_short": "Workum",
        "name_medium": "Workum",
        "name_long": "Workum",
        "slug": "workum",
        "country": "NL",
        "type": "stoptreinstation",
        "name": "Workum",
        "latitude": 52.9724864,
        "longitude": 5.4564285
      }
    },
    {
      "type": "Feature",
      "geometry": {
        "type": "Point",
        "coordinates": [
          4.7922220230103,
          52.489166259766
        ]
      },
      "properties": {
        "id": "511",
        "code": "WM",
        "uic": "8400707",
        "name_short": "Wormerveer",
        "name_medium": "Wormerveer",
        "name_long": "Wormerveer",
        "slug": "wormerveer",
        "country": "NL",
        "type": "stoptreinstation",
        "name": "Wormerveer",
        "latitude": 52.489166259766,
        "longitude": 4.7922220230103
      }
    },
    {
      "type": "Feature",
      "geometry": {
        "type": "Point",
        "coordinates": [
          4.8136110305786,
          52.438888549805
        ]
      },
      "properties": {
        "id": "529",
        "code": "ZD",
        "uic": "8400731",
        "name_short": "Zaandam",
        "name_medium": "Zaandam",
        "name_long": "Zaandam",
        "slug": "zaandam",
        "country": "NL",
        "type": "knooppuntIntercitystation",
        "name": "Zaandam",
        "latitude": 52.438888549805,
        "longitude": 4.8136110305786
      }
    },
    {
      "type": "Feature",
      "geometry": {
        "type": "Point",
        "coordinates": [
          4.8202776908875,
          52.456665039062
        ]
      },
      "properties": {
        "id": "530",
        "code": "ZDK",
        "uic": "8400728",
        "name_short": "Kogerveld",
        "name_medium": "Kogerveld",
        "name_long": "Zaandam Kogerveld",
        "slug": "zaandam-kogerveld",
        "country": "NL",
        "type": "stoptreinstation",
        "name": "Zaandam Kogerveld",
        "latitude": 52.456665039062,
        "longitude": 4.8202776908875
      }
    },
    {
      "type": "Feature",
      "geometry": {
        "type": "Point",
        "coordinates": [
          4.8049998283386,
          52.469165802002
        ]
      },
      "properties": {
        "id": "804",
        "code": "ZZS",
        "uic": "8400364",
        "name_short": "Zaanse S.",
        "name_medium": "Zaanse Schans",
        "name_long": "Zaandijk Zaanse Schans",
        "slug": "zaandijk-zaanse-schans",
        "country": "NL",
        "type": "knooppuntStoptreinstation",
        "name": "Zaandijk Zaanse Schans",
        "latitude": 52.469165802002,
        "longitude": 4.8049998283386
      }
    },
    {
      "type": "Feature",
      "geometry": {
        "type": "Point",
        "coordinates": [
          5.2633333206177,
          51.80888748169
        ]
      },
      "properties": {
        "id": "528",
        "code": "ZBM",
        "uic": "8400732",
        "name_short": "Zaltbommel",
        "name_medium": "Zaltbommel",
        "name_long": "Zaltbommel",
        "slug": "zaltbommel",
        "country": "NL",
        "type": "stoptreinstation",
        "name": "Zaltbommel",
        "latitude": 51.80888748169,
        "longitude": 5.2633333206177
      }
    },
    {
      "type": "Feature",
      "geometry": {
        "type": "Point",
        "coordinates": [
          4.5327777862549,
          52.3752784729
        ]
      },
      "properties": {
        "id": "540",
        "code": "ZVT",
        "uic": "8400733",
        "name_short": "Zandvoort",
        "name_medium": "Zandvoort",
        "name_long": "Zandvoort aan Zee",
        "slug": "zandvoort-aan-zee",
        "country": "NL",
        "type": "stoptreinstation",
        "name": "Zandvoort aan Zee",
        "latitude": 52.3752784729,
        "longitude": 4.5327777862549
      }
    },
    {
      "type": "Feature",
      "geometry": {
        "type": "Point",
        "coordinates": [
          5.7228408,
          51.920056
        ]
      },
      "properties": {
        "id": "526",
        "code": "ZA",
        "uic": "8400734",
        "name_short": "Zetten-And",
        "name_medium": "Zetten-Andelst",
        "name_long": "Zetten-Andelst",
        "slug": "zetten-andelst",
        "country": "NL",
        "type": "stoptreinstation",
        "name": "Zetten-Andelst",
        "latitude": 51.920056,
        "longitude": 5.7228408
      }
    },
    {
      "type": "Feature",
      "geometry": {
        "type": "Point",
        "coordinates": [
          6.0719442367554,
          51.923053741455
        ]
      },
      "properties": {
        "id": "538",
        "code": "ZV",
        "uic": "8400735",
        "name_short": "Zevenaar",
        "name_medium": "Zevenaar",
        "name_long": "Zevenaar",
        "slug": "zevenaar",
        "country": "NL",
        "type": "knooppuntStoptreinstation",
        "name": "Zevenaar",
        "latitude": 51.923053741455,
        "longitude": 6.0719442367554
      }
    },
    {
      "type": "Feature",
      "geometry": {
        "type": "Point",
        "coordinates": [
          4.60904,
          51.64042
        ]
      },
      "properties": {
        "id": "539",
        "code": "ZVB",
        "uic": "8400737",
        "name_short": "Zevenbergn",
        "name_medium": "Zevenbergen",
        "name_long": "Zevenbergen",
        "slug": "zevenbergen",
        "country": "NL",
        "type": "stoptreinstation",
        "name": "Zevenbergen",
        "latitude": 51.64042,
        "longitude": 4.60904
      }
    },
    {
      "type": "Feature",
      "geometry": {
        "type": "Point",
        "coordinates": [
          4.4772224426269,
          52.047500610352
        ]
      },
      "properties": {
        "id": "535",
        "code": "ZTM",
        "uic": "8400741",
        "name_short": "Zoetermeer",
        "name_medium": "Zoetermeer",
        "name_long": "Zoetermeer",
        "slug": "zoetermeer",
        "country": "NL",
        "type": "knooppuntStoptreinstation",
        "name": "Zoetermeer",
        "latitude": 52.047500610352,
        "longitude": 4.4772224426269
      }
    },
    {
      "type": "Feature",
      "geometry": {
        "type": "Point",
        "coordinates": [
          4.4927778244019,
          52.046390533447
        ]
      },
      "properties": {
        "id": "536",
        "code": "ZTMO",
        "uic": "8400740",
        "name_short": "Zoetermr O",
        "name_medium": "Zoetermeer Oost",
        "name_long": "Zoetermeer Oost",
        "slug": "zoetermeer-oost",
        "country": "NL",
        "type": "stoptreinstation",
        "name": "Zoetermeer Oost",
        "latitude": 52.046390533447,
        "longitude": 4.4927778244019
      }
    },
    {
      "type": "Feature",
      "geometry": {
        "type": "Point",
        "coordinates": [
          6.8679141998291,
          53.159612280006
        ]
      },
      "properties": {
        "id": "527",
        "code": "ZB",
        "uic": "8400742",
        "name_short": "Zuidbroek",
        "name_medium": "Zuidbroek",
        "name_long": "Zuidbroek",
        "slug": "zuidbroek",
        "country": "NL",
        "type": "knooppuntStoptreinstation",
        "name": "Zuidbroek",
        "latitude": 53.159612280006,
        "longitude": 6.8679141998291
      }
    },
    {
      "type": "Feature",
      "geometry": {
        "type": "Point",
        "coordinates": [
          6.4062361,
          53.2486292
        ]
      },
      "properties": {
        "id": "531",
        "code": "ZH",
        "uic": "8400743",
        "name_short": "Zuidhorn",
        "name_medium": "Zuidhorn",
        "name_long": "Zuidhorn",
        "slug": "zuidhorn",
        "country": "NL",
        "type": "stoptreinstation",
        "name": "Zuidhorn",
        "latitude": 53.2486292,
        "longitude": 6.4062361
      }
    },
    {
      "type": "Feature",
      "geometry": {
        "type": "Point",
        "coordinates": [
          6.1941666603088,
          52.145278930664
        ]
      },
      "properties": {
        "id": "534",
        "code": "ZP",
        "uic": "8400744",
        "name_short": "Zutphen",
        "name_medium": "Zutphen",
        "name_long": "Zutphen",
        "slug": "zutphen",
        "country": "NL",
        "type": "knooppuntIntercitystation",
        "name": "Zutphen",
        "latitude": 52.145278930664,
        "longitude": 6.1941666603088
      }
    },
    {
      "type": "Feature",
      "geometry": {
        "type": "Point",
        "coordinates": [
          4.6416668891907,
          51.814998626709
        ]
      },
      "properties": {
        "id": "541",
        "code": "ZWD",
        "uic": "8400752",
        "name_short": "Zwijndrcht",
        "name_medium": "Zwijndrecht",
        "name_long": "Zwijndrecht",
        "slug": "zwijndrecht",
        "country": "NL",
        "type": "stoptreinstation",
        "name": "Zwijndrecht",
        "latitude": 51.814998626709,
        "longitude": 4.6416668891907
      }
    },
    {
      "type": "Feature",
      "geometry": {
        "type": "Point",
        "coordinates": [
          6.0919442176819,
          52.504722595215
        ]
      },
      "properties": {
        "id": "532",
        "code": "ZL",
        "uic": "8400747",
        "name_short": "Zwolle",
        "name_medium": "Zwolle",
        "name_long": "Zwolle",
        "slug": "zwolle",
        "country": "NL",
        "type": "knooppuntIntercitystation",
        "name": "Zwolle",
        "latitude": 52.504722595215,
        "longitude": 6.0919442176819
      }
    },
    {
      "type": "Feature",
      "geometry": {
        "type": "Point",
        "coordinates": [
          6.05146,
          52.52764
        ]
      },
      "properties": {
        "id": "815",
        "code": "ZLSH",
        "uic": "8400746",
        "name_short": "Stadshagen",
        "name_medium": "Stadshagen",
        "name_long": "Zwolle Stadshagen",
        "slug": "zwolle-stadshagen",
        "country": "NL",
        "type": "stoptreinstation",
        "name": "Zwolle Stadshagen",
        "latitude": 52.52764,
        "longitude": 6.05146
      }
    }
  ]
}
